,DUAs,Item,Partida,Descripcion_Comercial,Bultos,Tipo_de_Bulto,Marcas,CIF_USD,Peso_Bruto,Peso_Neto,Matricula_Nave,Nombre_Nave,Conoc_Embarque,Manifesto,Linea_Ing,Fecha_Arribo
0,23200,1,80390110000,BANANO FRESCO,50,CAJA/BOX,SM,200,977,907,,,,,0,/ /
1,23201,2,80430000019,PIÃ?A FRESCA,1520,CAJA/BOX,,9351,20965,19445,9164768,CALA PULA V.2007,CRMOBESTARCOS2000226,20200088,1,16/02/20
2,23202,3,80430000019,PIÃ?A FRESCA,5040,CAJA/BOX,SM,20160,66528,60480,,,,,0,/ /
3,23203,4,80430000019,PIÃ?A FRESCA,1575,CAJA/BOX,SM,6300,26640,22050,,,,,0,/ /
4,23204,5,80390110000,BANANO FRESCO,50,CAJA/BOX,SM,200,977,907,,,,,0,/ /
5,23205,6,4.8191E+11,FONDO 14.5 KG PANAMA/FONDOS DM42/PAD JADDAH PANAMA/TAPA COVER DM/TAPA 14.5 KG PANAMA(CAJAS,743,BULTOS/PACKAGE,,10524.4,9871,9871,,,,,0,/ /
6,23206,7,3.4022E+11,LIMPIADOR DESINFECTANTE AROMA ACEITE DE PINO 1.5 LT ACONDICIONADO VENTA AL POR MENOR MARCA WIPE PLUS MODELO 7502247545083,3,BULTOS/PACKAGE,WIPE PLUS,1321.86,2159.91,2014.81,9694426,MINERVA,HLCUME3200155996,20360151,1,13/02/20
7,23207,8,3.4022E+11,SUAVIZANTE DE TELAS AROMA FLORAL 1LT ACONDICIONADO VENTA AL POR MENOR MARCA WIPE PLUS MODELO 7502247545090,3,BULTOS/PACKAGE,WIPE PLUS,1978.79,3233.32,3016.11,9694426,MINERVA,HLCUME3200155996,20360151,1,13/02/20
8,23208,9,3.4022E+11,DESENGRASANTE MULTIUSOS ASPERSOR 1 LT ACONDICIONADO VENTA AL POR MENOR MARCA INSTANT CLEAN MODELO 7503003523437,11,BULTOS/PACKAGE,INSTANT CLEAN,5581.2,9119.61,8506.99,9694426,MINERVA,HLCUME3200155996,20360151,1,13/02/20
9,23209,10,3.4022E+11,DESINFECTANTE LIMPIADOR BAÑOS ASPERSOR 1 LT ACONDICIONADO VENTA AL POR MENOR MARCA INSTANT CLEAN MODELO 7503003523352,3,BULTOS/PACKAGE,INSTANT CLEAN,1522.15,2487.16,2320.09,9694426,MINERVA,HLCUME3200155996,20360151,1,13/02/20
10,23210,11,80430000019,PIÑA FRESCA,500,BULTOS/PACKAGE,SM,1000,4500,4500,,,,,0,/ /
11,23211,12,71320000090,"GARBANZOS, A GRANEL(BOLSAS 50 KG) BG COMMODITIES",498,BOLSA/BAG,SM,16253.5,24950,24900,,,,,0,/ /
12,23212,13,,ALMIDON DE MAIZ,850,BOLSA/BAG,SM,0,19817,0,9743485,MOLLY SCHULTE,HLCUBSC2001AZSR3,20360150,1,11/2/2020
13,23213,14,80430000019,PIÑA FRESCA,500,BULTOS/PACKAGE,SM,1000,4500,4500,,,,,0,/ /
14,23214,15,3.4022E+11,SUAVIZANTE DE TELAS AROMA PRIMAVERAL POUCH 720 ML ACONDICIONADO VENTA AL POR MENOR MARCA SULI MODELO 7441078221172,1,BULTOS/PACKAGE,SULI,403.34,1014.12,913.86,9694426,MINERVA,HLCUME3200151794,20360151,1,13/02/20
15,23215,16,3.4022E+11,SUAVIZANTE DE TELAS AROMA PRIMAVERAL 2 LT ACONDICIONADO VENTA AL POR MENOR MARCA SULI MODELO 7441078222124,15,BULTOS/PACKAGE,SULI,5293.85,13310.35,11994.35,9694426,MINERVA,HLCUME3200151794,20360151,1,13/02/20
16,23216,17,3.4022E+11,SUAVIZANTE DE TELAS AROMA PRIMAVERAL 5 LT ACONDICIONADO VENTA AL POR MENOR MARCA SULI MODELO 7441078222131,4,BULTOS/PACKAGE,SULI,1374.35,3455.53,3113.87,9694426,MINERVA,HLCUME3200151794,20360151,1,13/02/20
17,23217,18,,"PRODUCTOS DE ALIMENTOS,SUPLEMENTOS PARA RESTAURANTES",33,PALETAS,SM,0,19756,0,8900323,DOLE HONDURAS V004,HBOL751480-01,20360115,1,10/2/2020
18,23218,19,2.00897E+11,COCTEL DE FRUTAS,3551,CAJON/CASE,S/M y S/N,0,17449.88,0,9697026,MAERSK BAHAMAS,BCF1993,20360089,1,11/2/2020
19,23219,20,3.4022E+11,SUAVIZANTE DE TELAS AROMA PRIMAVERAL POUCH 720 ML ACONDICIONADO VENTA AL POR MENOR MARCA SULI MODELO 7441078221172,1,BULTOS/PACKAGE,SULI,403.5,1014.12,913.86,9694426,MINERVA,HLCUME3200151783,20360151,1,13/02/20
20,23220,21,3.4022E+11,SUAVIZANTE DE TELAS AROMA PRIMAVERAL 2 LT ACONDICIONADO VENTA AL POR MENOR MARCA SULI MODELO 7441078222124,15,BULTOS/PACKAGE,SULI,5296,13310.35,11994.35,9694426,MINERVA,HLCUME3200151783,20360151,1,13/02/20
21,23221,22,3.4022E+11,SUAVIZANTE DE TELAS AROMA PRIMAVERAL 5 LT ACONDICIONADO VENTA AL POR MENOR MARCA SULI MODELO 7441078222131,4,BULTOS/PACKAGE,SULI,1374.91,3455.53,3113.87,9694426,MINERVA,HLCUME3200151783,20360151,1,13/02/20
22,23222,23,80430000019,PIÑA FRESCA,500,BULTOS/PACKAGE,SM,1000,4500,4500,,,,,0,/ /
23,23223,24,2.00897E+11,COCTEL DE FRUTAS,3312,CAJON/CASE,S/M y S/N,0,19530.7,0,9697026,MAERSK BAHAMAS,BCF1994,20360089,1,11/2/2020
24,23224,25,80430000019,PIÃ?A FRESCA,1680,CAJA/BOX,SM,6720,22680,21000,,,,,0,/ /
25,23225,26,80430000019,PIÃ?A FRESCA,1680,CAJA/BOX,SM,6720,22680,21000,,,,,0,/ /
26,23226,27,80430000019,PIÃ?A FRESCA,1680,CAJA/BOX,SM,6720,23089,21089,,,,,0,/ /
27,23227,28,,AIRES ACONDICIONADOS,3,PALETAS,S/M y S/N,0,3622.39,0,9333371,HELLE RITSCHER 9,S00169143,20360103,1,10/2/2020
28,23228,29,80719000000,MELON FRESCO,2058,CAJA/BOX,DEL SOL,14406,23130,20580,,,,,0,/ /
29,23229,30,80430000019,PIÑA FRESCA,500,BULTOS/PACKAGE,SM,1000,4500,4500,,,,,0,/ /
30,23230,31,,RECUPERADOR DE ENERGIA,1,PALETAS,S/M y S/N,0,493.96,0,9333371,HELLE RITSCHER 9,S00167836,20360103,1,10/2/2020
31,23231,32,,AIRES ACONDICIONADOS,6,PALETAS,S/M y S/N,0,3205.08,0,9333371,HELLE RITSCHER 9,S00169212,20360103,1,10/2/2020
32,23232,33,4.8191E+11,FONDOS DM42/TAPA COVER DM(CAJAS DE CARTON),720,BULTOS/PACKAGE,,10102,9976,9976,,,,,0,/ /
33,23233,34,80390110000,BANANO ORSERO 75/25,5,CAJA/BOX,SM,46.5,100,97,,,,,0,/ /
34,23234,35,80390110000,BANANO ORSERO 75/25,5,CAJA/BOX,SM,46.5,100,97,,,,,0,/ /
35,23235,36,,HARINA DE TRIGO,1000,BOLSA/BAG,SM,0,25070,0,9743485,MOLLY SCHULTE,HLCUIZ1191211873,20360150,3,11/2/2020
36,23236,37,3.9011E+11,POLIETILENO DE BAJA DENSIDAD,990,BOLSA/BAG,SIN MARCA,28512,25254,24750,9283708,AS PETRA 8,SMLU5959227A,20360104,1,13/02/20
37,23237,38,80719000000,MELON FRESCO,2058,CAJA/BOX,DEL SOL,14406,22989,20580,,,,,0,/ /
38,23238,39,1.6025E+11,TOCINETA DE CERDO AHUMADA CONGELADA 70247175890,80,BULTOS/PACKAGE,SIN MARCA,8066.12,1250,1100,,,,,0,/ /
39,23239,40,20230000014,CARNE DE RES DESHUESADA CRUDA CONGELADA STRIP 0X1 CHOICE GBD1800X1CF,167,BULTOS/PACKAGE,SIN MARCA,47246.77,5000,4487,,,,,0,/ /
40,23240,41,20230000013,CARNE DE RES DESHUESADA CRUDA CONGELADA STRIP 0X1 SELECT GBD1800X1SEF,166,BULTOS/PACKAGE,SIN MARCA,28550.82,4100,3888,,,,,0,/ /
41,23241,42,20322000090,COSTILLA DE CERDO TIPO SAN LUIS CRUDA CONGELADA MAS98645F,194,BULTOS/PACKAGE,SIN MARCA,18583.48,4400,4022,,,,,0,/ /
42,23242,43,40690900090,QUESO Y CHILE CON CARNE CONGELADO 08010059,40,BULTOS/PACKAGE,SIN MARCA,2042.92,850,726,,,,,0,/ /
43,23243,44,1.9059E+11,PAN PARA HAMBURGUESA PEQUEÑO CONGELADO H995 (08010102),130,BULTOS/PACKAGE,SIN MARCA,3021.32,785,700,,,,,0,/ /
44,23244,45,1.9059E+11,PAN PARA HAMBURGUESA CONGELADO H1088(08010100),450,BULTOS/PACKAGE,SIN MARCA,6264.57,2500,2300,,,,,0,/ /
45,23245,46,80430000019,PIÃ?A FRESCA,1680,CAJA/BOX,SM,6720,27000,25000,,,,,0,/ /
46,23246,47,80719000000,MELON FRESCO,2058,CAJA/BOX,DEL SOL,14406,23057,20580,,,,,0,/ /
47,23247,48,80390110000,BANANO FRESCO,50,CAJA/BOX,SM,200,977,907,,,,,0,/ /
48,23248,49,80390110000,BANANO FRESCO,50,CAJA/BOX,SM,200,977,907,,,,,0,/ /
49,23249,50,,EDREDONES Y CORTINAS,336,BULTOS/PACKAGE,SM,0,2934,0,9435521,CONTSHIP PAX 20006S,8379,20360142,1,10/2/2020
50,23250,51,4.8191E+11,CAJAS DE CARTON CORRUGADO,941,BULTOS/PACKAGE,SM,15647.96,11366,11366,,,,,0,/ /
51,23251,52,8.7012E+11,#NAME?,1,BULTOS/PACKAGE,SM,15483.85,8000,7100,,,,,0,/ /
52,23252,53,80719000000,FRESH MELON (CUCUMIS MELO),1680,CAJA/BOX,S/M y S/N,8400,22890,21168,,,,,0,/ /
53,23253,54,80711000000,FRESH WATERMELON (CITRULLUS LANATUS) SANDIA FRESCA,1680,CAJA/BOX,S/M y S/N,8400,22890,21168,,,,,0,/ /
54,23254,55,8.609E+11,"GESU9395230 CONTENEDOR CARRIER 2007, 40RH, MN QCRC 189002, TP 1AAA-S-067",1,UNIDAD/UNIT,SM,514.91,5000,5000,,,,,0,/ /
55,23255,56,,VEHICULO VIN# 3N1AB7AP7HY222669,1,VEHICULO/VEHICLE,S/M y S/N,0,1300,0,9395044,VARAMO,PTSS006010,20360680,1,11/2/2020
56,23256,57,,VEHICULO VIN# 3N1AB7AP6HY220685,1,VEHICULO/VEHICLE,S/M y S/N,0,1300,0,9395044,VARAMO,PTSS006011,20360680,1,11/2/2020
57,23257,58,80430000011,PIÑA ORGANICA,100,BULTOS/PACKAGE,SM,1000,600,500,,,,,0,/ /
58,23258,59,80430000019,PINA FRESCA,1680,CAJA/BOX,SM,10080,21840,20160,,,,,0,/ /
59,23259,60,80430000011,PIÑA ORGANICA,100,BULTOS/PACKAGE,SM,1000,300,200,,,,,0,/ /
60,23260,61,80430000019,PIÃ?A FRESCA,1680,CAJA/BOX,SM,6720,22680,21000,,,,,0,/ /
61,23261,62,80430000019,PIÃ?A FRESCA,3360,CAJA/BOX,SM,13440,45360,42000,,,,,0,/ /
62,23262,63,80430000011,PIÑA ORGANICA,100,BULTOS/PACKAGE,SM,1000,300,200,,,,,0,/ /
63,23263,64,,VEHICULO VIN# 3N1AB7AP6HY230018,1,VEHICULO/VEHICLE,S/M y S/N,0,1300,0,9395044,VARAMO,PTSS006012,20360680,1,11/2/2020
64,23264,65,,VEHICULO VIN# 3N1AB7AP6HY244968,1,VEHICULO/VEHICLE,S/M y S/N,0,1300,0,9395044,VARAMO,PTSS006013,20360680,1,11/2/2020
65,23265,66,80430000011,PIÑA ORGANICA,100,BULTOS/PACKAGE,SM,1000,300,200,,,,,0,/ /
66,23266,67,7.2072E+11,- Con un contenido de carbono superior o igual al 0.25% en peso,1,BULTOS/PACKAGE,SM,27.81,25200,25200,,,,,0,/ /
67,23267,68,3.9011E+11,RESINA DE POLIETILENO DE BAJA DENSIDAD LDPE.25 MI /918 MARCA: OSTERLENE SM LD025-A,16,PALETAS,SM,21025.55,21385,21000,9283708,AS PETRA 8,SMLU5966274A,20360104,1,13/02/20
68,23268,69,4.4152E+11,"TARIMAS DE MADERA, MARK55 TARIMA CHEP-COLOMBIA USA (40 Pulg X 48 Pulg) WK",2800,BULTOS/PACKAGE,SM,31415,84000,84000,,,,,0,/ /
69,23269,70,71410000019,YUCA FRESCA,960,CAJA/BOX,,11280,15840,14880,9376141,JOHANNES-S,NQSH03808JO08101,20360713,1,16/02/20
70,23270,71,70993900010,CALABAZA,108,CAJA/BOX,,1134,1836,1728,9376141,JOHANNES-S,NQSH03808JO08101,20360713,1,16/02/20
71,23271,72,91011100019,JENGIBRE FRESCO,120,CAJA/BOX,,2820,1620,1500,9376141,JOHANNES-S,NQSH03808JO08101,20360713,1,16/02/20
72,23272,73,,"PRODUCTOS DE CARNE DE RES,CERDO,POLLO,PESCADO,LACTEOS,ALIMENTOS VARIADOS CONGELADOS",27,PALETAS,SM,0,16785,0,8900323,DOLE HONDURAS V004,HBOL751479-01,20360115,1,10/2/2020
73,23273,74,,POSTRES CONGELADOS,6,PALETAS,SM,0,2180,0,8900323,DOLE HONDURAS V004,HBOL751479-02,20360115,1,10/2/2020
74,23274,75,70999200010,CHAYOTE FRESCO,1320,CAJA/BOX,SIN MARCA,15840,21450,20130,,,,,0,/ /
75,23275,76,,VEHICULO VIN #1C6SRFHTXLN266138,1,VEHICULO/VEHICLE,S/M y S/N,0,2300,0,9395044,VARAMO,PTSS006006,20360680,1,11/2/2020
76,23276,77,,VEHICULO VIN #1C4RJFN90LC186334,1,VEHICULO/VEHICLE,S/M y S/N,0,1600,0,9395044,VARAMO,PTSS006007,20360680,1,11/2/2020
77,23277,78,,VEHICULO VIN #1C4RDHAGXLC191886,1,VEHICULO/VEHICLE,S/M y S/N,0,1600,0,9395044,VARAMO,PTSS006004,20360680,1,11/2/2020
78,23278,79,,VEHICULO VIN #1C6SRFHT1LN211190,1,VEHICULO/VEHICLE,S/M y S/N,0,2200,0,9395044,VARAMO,PTSS006005,20360680,1,11/2/2020
79,23279,80,7.2142E+11,VARILLA DE ACERO DEFORMADA G60 W No 9mmx 6 m PTN,25,BULTOS/PACKAGE,SM,16355.02,25200,25200,,,,,0,/ /
80,23280,81,,VEHICULO VIN #1C4PJMCY3FW508196,1,VEHICULO/VEHICLE,S/M y S/N,0,1540,0,9395044,VARAMO,PTSS006001,20360680,1,11/2/2020
81,23281,82,,VEHICULO VIN #JYAVP11E46A078989,1,VEHICULO/VEHICLE,S/M y S/N,0,650,0,9395044,VARAMO,PTSS006002,20360680,1,11/2/2020
82,23282,83,,VEHICULO VIN #JM1BL1S51A1227708,1,VEHICULO/VEHICLE,S/M y S/N,0,1300,0,9395044,VARAMO,PTSS006003,20360680,1,11/2/2020
83,23283,84,,VEHICULO VIN #3N1AB7AP9HY228747,1,VEHICULO/VEHICLE,S/M y S/N,0,1300,0,9395044,VARAMO,PTSS006008,20360680,1,11/2/2020
84,23284,85,,VEHICULO VIN #3N1AB7AP6HY220573,1,VEHICULO/VEHICLE,S/M y S/N,0,1300,0,9395044,VARAMO,PTSS006009,20360680,1,11/2/2020
85,23285,86,71410000019,YUCA FRESCA,480,CAJA/BOX,SM,7680,9120,8640,,,,,0,/ /
86,23286,87,70999200090,CHAYOTE,756,CAJA/BOX,SM,5859,7257.6,6426,,,,,0,/ /
87,23287,88,71440900010,EDDOES FRESCO,756,CAJA/BOX,SM,11340,8316,7560,,,,,0,/ /
88,23288,89,71410000019,YUCA FRESCA,1020,CAJA/BOX,SM,14280,19380,18360,,,,,0,/ /
89,23289,90,70999200090,CHAYOTE,324,CAJA/BOX,SM,2268,3111.48,2808,,,,,0,/ /
90,23290,91,71440900010,EDDOES FRESCO,216,CAJA/BOX,SM,3024,2376,2160,,,,,0,/ /
91,23291,92,60420900090,FOLLAJES,725,CAJA/BOX,SM,20743.71,9500,8100,,,,,0,/ /
92,23292,93,,PAPAS A LA FRANCESA PREFRITAS CONGELADAS Y APERITIVOS,1236,CAJON/CASE,SM,0,17334,0,9347279,SAN ADRIANO 018 WEEK 07,GWFCMON001945,20360035,1,13/02/20
93,23293,94,4.8191E+11,CAJAS DE CARTON DESARMADAS TAPA EGTW 121216 MARCA CORRUGADOS DE SULA MODELO 13740212,75,BULTOS/PACKAGE,CORRUGADOS DE SULA,1293.98,1395.57,1395.57,,,,,0,/ /
94,23294,95,4.8191E+11,CAJAS DE CARTON DESARMADAS FONDO UF EGFR 0311 MARCA CORRUGADOS DE SULA MODELO 13740123,150,CAJA/BOX,CORRUGADOS DE SULA,2216.06,2390.05,2390.05,,,,,0,/ /
95,23295,96,4.8191E+11,CAJAS DE CARTON DESARMADAS PAD EGP-0065 MARCA CORRUGADOS DE SULA MODELO 13740138,15,BULTOS/PACKAGE,CORRUGADOS DE SULA,209.56,226,226,,,,,0,/ /
96,23296,97,,HARINA DE TRIGO,1000,BOLSA/BAG,SM,0,25070,0,9743485,MOLLY SCHULTE,HLCUIZ1191211873,20360150,2,11/2/2020
97,23297,98,2.81121E+11,ISO TANQUE AFLU1000313 CONTENIENDO DIOXIDO DE CARBONO,1,CAMION TANQUE/TANK TRUCK,PRAXAIR,8741.4,18800,18800,9809837,CMA CGM FORT ROYAL V 0DR81N1MA,CTR0194091,20360079,1,15/02/20
98,23298,99,71450100011,MALAGA FRESCA,300,CAJA/BOX,SIN MARCA,5100,5160,4800,,,,,0,/ /
99,23299,100,71410000011,YUCA FRESCA,720,CAJA/BOX,SIN MARCA,6660,11664,10800,,,,,0,/ /
100,23300,101,91011100090,JENJIBRE FRESCO,300,CAJA/BOX,SIN MARCA,3900,4110,3750,,,,,0,/ /
101,23301,102,8.609E+11,ISO TANQUE AFLU1000313 MARCA CHART AÑO 2009 SERIE 53303,1,CAMION TANQUE/TANK TRUCK,CHART,20000,9350,9350,9809837,CMA CGM FORT ROYAL V 0DR81N1MA,CTR0194091,20360079,2,15/02/20
102,23302,103,4.80594E+11,"PAPEL KRAFT -- PARA LA FABRICACION DE CAJAS DE CARTÓN, GRAMAJE 273.28 G/M2",6,RODILLO/ROLL,SM,8433.29,16380.229,16380.229,9185293,DOLE COLOMBIA V005,DCO-1170314,20360116,1,16/02/20
103,23303,104,4.80594E+11,"PAPEL KRAFT -- PARA LA FABRICACION DE CAJAS DE CARTÓN, GRAMAJE 273.28 G/M2",7,RODILLO/ROLL,SM,9772.8,18982.003,18982.003,9185293,DOLE COLOMBIA V005,DCO-1170314,20360116,2,16/02/20
104,23304,105,4.80594E+11,"PAPEL KRAFT -- PARA LA FABRICACION DE CAJAS DE CARTÓN, GRAMAJE 273.28 G/M2",3,RODILLO/ROLL,SM,4230.79,8217.59,8217.59,9185293,DOLE COLOMBIA V005,DCO-1170314,20360116,3,16/02/20
105,23305,106,4.80519E+11,"PAPEL MEDIUM SEMIQUIMICO -- PARA LA FABRICACION DE CAJAS DE CARTÓN, GRAMAJE 195.2 G/M2",4,RODILLO/ROLL,SM,5033.48,9776.668,9776.668,9185293,DOLE COLOMBIA V005,DCO-1170314,20360116,3,16/02/20
106,23306,107,4.80594E+11,"PAPEL KRAFT -- PARA LA FABRICACION DE CAJAS DE CARTÓN, GRAMAJE 273.28 G/M2",7,RODILLO/ROLL,SM,9786.96,19009.489,19009.489,9185293,DOLE COLOMBIA V005,DCO-1170314,20360116,4,16/02/20
107,23307,108,2.81121E+11,ISO TANQUE CFXU9991409 CONTENIENDO DIOXIDO DE CARBONO,1,CAMION TANQUE/TANK TRUCK,PRAXAIR,8741.4,18800,18800,9809837,CMA CGM FORT ROYAL V 0DR81N1MA,CTR0194092,20360079,1,15/02/20
108,23308,109,2.1032E+11,SALSA CHILE PICANTE,9255,CAJA/BOX,,39102.54,19325.74,8329.5,9395044,VARAMO,COSN0M480411,20360681,1,14/02/20
109,23309,110,8.609E+11,ISO TANQUE CFXU9991409 MARCA CHART AÑO 2015 SERIE 61860,1,CAMION TANQUE/TANK TRUCK,CHART,20000,10300,10300,9809837,CMA CGM FORT ROYAL V 0DR81N1MA,CTR0194092,20360079,2,15/02/20
110,23310,111,,"EQUIPAMENTO COMERCIAL DE COCINA, REFRIGERADORES,CONGELADORES,MAQ DE HELADO,UTENSILIOS DE COCINA, CUCHILLOS,MANGUERAS, BOTELLA",94,BULTOS/PACKAGE,S/M y S/N,0,4959.13,0,9697026,MAERSK BAHAMAS,ITWF97398,20360089,1,11/2/2020
111,23311,112,2.81121E+11,ISO TANQUE EURU9200150 CONTENIENDO DIOXIDO DE CARBONO,1,CAMION TANQUE/TANK TRUCK,PRAXAIR,8741.4,18800,18800,9809837,CMA CGM FORT ROYAL V 0DR81N1MA,CTR0194093,20360079,1,15/02/20
112,23312,113,,"PECHUGA, CARNE MOLIDA DE PAVO",1000,CAJA/BOX,SM,0,18597.48,0,9347279,SAN ADRIANO 018 WEEK 07,GWFCUSA015970,20360035,1,13/02/20
113,23313,114,,MATERIA PRIMA PARA LA INDUSTRIA ALIMENTARIA,7,BULTOS/PACKAGE,S/M y S/N,0,5083.41,0,9395044,VARAMO,M00033367,20360680,1,11/2/2020
114,23314,115,8.609E+11,ISO TANQUE VACIO EURU9200150 MARCA EUROTAINER AÑO 2013 SERIE P42090,1,CAMION TANQUE/TANK TRUCK,EUROTAINER,20000,8800,8800,9809837,CMA CGM FORT ROYAL V 0DR81N1MA,CTR0194093,20360079,2,15/02/20
115,23315,116,60420900090,FOLLAJES,725,CAJA/BOX,SM,20743.71,9500,8100,,,,,0,/ /
116,23316,117,7.2107E+11,LAMINA DE ACERO PINTADO SOBRE ALUMINIO-ZINC EN CINTA 0.53MMX610MM TERNIUM REF 30102004 (CPAZ),4,BULTOS/PACKAGE,SM,6917.23,7111,6685,9694426,MINERVA,HLCUME3200158464,20360151,1,13/02/20
117,23317,118,7.2107E+11,LAMINA DE ACERO PINTADO SOBRE GALVANIZADO EN ROLLO 0.43MMX1219MM TERNIUM REF 30102004 (RPG),3,BULTOS/PACKAGE,SM,5448.68,5526,5378,9694426,MINERVA,HLCUME3200158464,20360151,1,13/02/20
118,23318,119,7.2107E+11,LAMINA DE ACERO PINTADO SOBRE ALUMINIO-ZINC EN CINTA 0.53MMX610MM TERNIUM REF 30102004 (CPAZ),5,BULTOS/PACKAGE,SM,9281.23,10108,9540,9694426,MINERVA,HLCUME3200158464,20360151,2,13/02/20
119,23319,120,7.2107E+11,LAMINA DE ACERO PINTADO SOBRE GALVANIZADO EN ROLLO 0.43MMX1219MM TERNIUM REF 30102004 (RPG),15,BULTOS/PACKAGE,SM,46165.23,43956,43068,9694426,MINERVA,HLCUME3200158464,20360151,2,13/02/20
120,23320,121,7.2107E+11,LAMINA DE ACERO PINTADO SOBRE ALUMINIO-ZINC EN CINTA 0.53MMX610MM TERNIUM REF 30102004 (CPAZ),7,BULTOS/PACKAGE,SM,7952.58,8316,7890,9694426,MINERVA,HLCUME3200158464,20360151,3,13/02/20
121,23321,122,40620900099,QUESO RALLADO MEZCLA TACO 227 GR GREAT VALUE REF 78742016559,300,PIEZAS/PIECES,SM,4960.29,903.6,815,9283708,AS PETRA 8,SMLU5961677A,20360104,1,13/02/20
122,23322,123,40620100000,"QUESO MILD CHEDDAR RALLADO, 227 GR GREAT VALUE REF 78742353180",200,PIEZAS/PIECES,SM,3217.55,602.4,540,9283708,AS PETRA 8,SMLU5961677A,20360104,1,13/02/20
123,23323,124,40620200090,QUESO RALLADO TIPO MOZARELLA GREAT VALUE REF 78742374253,1400,PIEZAS/PIECES,SM,22344.16,4216.7,3805,9283708,AS PETRA 8,SMLU5961677A,20360104,1,13/02/20
124,23324,125,40620900099,"QUESO RALLADO PARA PIZZA, 227 GR GREAT VALUE REF 605388187895",2100,PIEZAS/PIECES,SM,34722.02,6325,5710,9283708,AS PETRA 8,SMLU5961677A,20360104,1,13/02/20
125,23325,126,,LLANTAS NUEVAS,204,BULTOS/PACKAGE,SM,0,3821.23,0,9743485,MOLLY SCHULTE,HLCUBSC2001AQYO1,20360150,1,11/2/2020
126,23326,127,,MUSLO DE POLLO CONGELADO CRUDO,993,CAJON/CASE,SM,0,18917.7,0,9347279,SAN ADRIANO 018 WEEK 07,GWFCUSA015909,20360035,1,13/02/20
127,23327,128,,VEHICULO VIN# 3N1AB7AP7HY231470,1,VEHICULO/VEHICLE,S/M y S/N,0,1300,0,9395044,VARAMO,PTSS006014,20360680,1,11/2/2020
128,23328,129,,VEHICULO VIN# 3N1AB7AP8HY219943,1,VEHICULO/VEHICLE,S/M y S/N,0,1300,0,9395044,VARAMO,PTSS006015,20360680,1,11/2/2020
129,23329,130,60420900090,FOLLAJES,1680,CAJA/BOX,SM,1680,22680,21840,,,,,0,/ /
130,23330,131,90111300090,CAFE DE COSTA RICA,550,BOLSA/BAG,SM,173353.32,38357,37950,,,,,0,/ /
131,23331,132,90111300090,CAFE DE COSTA RICA,275,BOLSA/BAG,SM,89516.63,19167.5,18975,,,,,0,/ /
132,23332,133,,TUBERIAS DE POLIETILENO ** MALETA POLIFUSOR 20 A 63MM 110V,280,BULTOS/PACKAGE,S/M y S/N,0,6525,0,9743485,MOLLY SCHULTE,HLCUVL1200107276,20360150,1,11/2/2020
133,23333,134,80430000019,PIÑA FRESCA,7725,CAJA/BOX,,45281.25,108787.5,101062.5,9215892,OCEAN PROMISE V11,SMLU5978960A,20360105,1,15/02/20
134,23334,135,80711000000,SANDIA FRESCA,1456,CARTON,,20349.98,24752,23296,9227302,MSC KATYA R. NQ006R,MEDUJ0136054,20360125,1,16/02/20
135,23335,136,80719000000,MELON FRESCO,2044,CARTON,,15084.72,22484,20440,9227302,MSC KATYA R. NQ006R,MEDUJ0136054,20360125,2,16/02/20
136,23336,137,8.54371E+11,PUERTAS ENRROLLABLE TIPO SERVICIO LAMINAS GALVANIZADA CON SUS ACCESORIOS (ROLL UP DOOR WITH ACCESORIES AND ELECTRICA MOTOR) : CORNELL ITEM N/A,5,BULTOS/PACKAGE,SM,6689.03,775.407,775.407,,,,,0,/ /
137,23337,138,8.54371E+11,PUERTAS ENRROLLABLE TIPO SERVICIO LAMINAS GALVANIZADA CON SUS ACCESORIOS (ROLL UP DOOR WITH ACCESORIES AND ELECTRICA MOTOR) : CORNELL ITEM N/A,7,BULTOS/PACKAGE,SM,15372.17,1781.973,1781.973,,,,,0,/ /
138,23338,139,60420900090,FOLLAJES,1212,CAJA/BOX,SM,20658.29,10410,8910,,,,,0,/ /
139,23339,140,71410000019,YUCA FRESCA,500,CAJA/BOX,SM,500,1500,1000,,,,,0,/ /
140,23340,141,71440100019,EDDOES FRESCOS,500,CAJA/BOX,SM,500,1500,1000,,,,,0,/ /
141,23341,142,70999200090,CHAYOTE FRESCO,500,CAJA/BOX,SM,500,1500,1000,,,,,0,/ /
142,23342,143,80430000019,PIÑA FRESCA,500,CAJA/BOX,SM,500,1500,1000,,,,,0,/ /
143,23343,144,71450100019,MALANGA TARO,500,CAJA/BOX,SM,500,1500,1000,,,,,0,/ /
144,23344,145,90111300090,CAFE DE COSTA RICA,275,BOLSA/BAG,SM,80845.88,19178.5,18975,,,,,0,/ /
145,23345,146,,ENVASES PLASTICO FLEXIBLE MULTIUSO,23,BULTOS/PACKAGE,SM,0,2944,0,9231494,EM CORFU 011 WEEK 07,6570073316,20360026,1,12/2/2020
146,23346,147,4.8191E+11,CAJAS DE CARTON DESARMADAS TAPA UF EGTW 160118 MARCA CORRUGADOS DE SULA MODELO 13740289,50,BULTOS/PACKAGE,CORRUGADOS DE SULA,861.98,938.25,938.25,,,,,0,/ /
147,23347,148,4.8191E+11,CAJAS DE CARTON DESARMADAS TAPA UF EGTW 061217 MARCA CORRUGADOS DE SULA MODELO 13740286,68,BULTOS/PACKAGE,CORRUGADOS DE SULA,1163.68,1266.64,1266.64,,,,,0,/ /
148,23348,149,4.8191E+11,CAJAS DE CARTON DESARMADAS FONDO UF EGFR 0311 MARCA CORRUGADOS DE SULA MODELO 13740123,235,CAJA/BOX,CORRUGADOS DE SULA,3469.13,3776.08,3776.08,,,,,0,/ /
149,23349,150,4.8191E+11,CAJAS DE CARTON DESARMADAS PAD EGP-0065 MARCA CORRUGADOS DE SULA MODELO 13740138,24,BULTOS/PACKAGE,CORRUGADOS DE SULA,328.05,357.06,357.06,,,,,0,/ /
150,23350,151,80390110000,BANANO FRESCO,2160,CAJA/BOX,,18057.6,44625.6,39182.4,9164768,CALA PULA V.2007,CRMOBPTSETCOS2000252,20200088,2,16/02/20
151,23351,152,60290900090,PLANTAS ORNAMENTALES,2928,BULTOS/PACKAGE,,12129.45,20000,19600,9301457,HSL NIKE,SJO3220,20360149,1,16/02/20
152,23352,153,80430000019,FRESH PINEAPPLES (PIÑA FRESCA),1680,CAJA/BOX,,7560,23016,21000,9275048,BSL CAPE TOWN,910231755,20360092,1,14/02/20
153,23353,154,,MOTOCICLETAS MARCA BMW VIN#WB30G0109LR870652,1,VEHICULO/VEHICLE,S/M y S/N,0,239,0,9743485,MOLLY SCHULTE,19SEE0113324,20360150,1,11/2/2020
154,23354,155,,MOTOCICLETAS MARCA BMW VIN#WB30G0100LR870653,1,VEHICULO/VEHICLE,S/M y S/N,0,239,0,9743485,MOLLY SCHULTE,19SEE0113324,20360150,2,11/2/2020
155,23355,156,,MOTOCICLETAS MARCA BMW VIN#WB30G0102LR870654,1,VEHICULO/VEHICLE,S/M y S/N,0,239,0,9743485,MOLLY SCHULTE,19SEE0113324,20360150,3,11/2/2020
156,23356,157,,MOTOCICLETAS MARCA BMW VIN#WB30G0104LR870655,1,VEHICULO/VEHICLE,S/M y S/N,0,239,0,9743485,MOLLY SCHULTE,19SEE0113324,20360150,4,11/2/2020
157,23357,158,,MOTOCICLETAS MARCA BMW VIN#WB30G0106LR870656,1,VEHICULO/VEHICLE,S/M y S/N,0,239,0,9743485,MOLLY SCHULTE,19SEE0113324,20360150,5,11/2/2020
158,23358,159,,MOTOCICLETAS MARCA BMW VIN#WB30G010XLR870661,1,VEHICULO/VEHICLE,S/M y S/N,0,239,0,9743485,MOLLY SCHULTE,19SEE0113324,20360150,6,11/2/2020
159,23359,160,,MOTOCICLETAS MARCA BMW VIN#WB30G0101LR870662,1,VEHICULO/VEHICLE,S/M y S/N,0,239,0,9743485,MOLLY SCHULTE,19SEE0113324,20360150,7,11/2/2020
160,23360,161,,MOTOCICLETAS MARCA BMW VIN#WB30G0103LR870663,1,VEHICULO/VEHICLE,S/M y S/N,0,239,0,9743485,MOLLY SCHULTE,19SEE0113324,20360150,8,11/2/2020
161,23361,162,,MOTOCICLETAS MARCA BMW VIN#WB30G0105LR870664,1,VEHICULO/VEHICLE,S/M y S/N,0,239,0,9743485,MOLLY SCHULTE,19SEE0113324,20360150,9,11/2/2020
162,23362,163,,MOTOCICLETAS MARCA BMW VIN#WB30G0107LR870665,1,VEHICULO/VEHICLE,S/M y S/N,0,239,0,9743485,MOLLY SCHULTE,19SEE0113324,20360150,10,11/2/2020
163,23363,164,,MOTOCICLETAS MARCA BMW VIN#WB30G0109LR870666,1,VEHICULO/VEHICLE,S/M y S/N,0,239,0,9743485,MOLLY SCHULTE,19SEE0113324,20360150,11,11/2/2020
164,23364,165,,MOTOCICLETAS MARCA BMW VIN#WB30G0100LR870667,1,VEHICULO/VEHICLE,S/M y S/N,0,239,0,9743485,MOLLY SCHULTE,19SEE0113324,20360150,12,11/2/2020
165,23365,166,,MOTOCICLETAS MARCA BMW VIN#WB30G0102LR870668,1,VEHICULO/VEHICLE,S/M y S/N,0,239,0,9743485,MOLLY SCHULTE,19SEE0113324,20360150,13,11/2/2020
166,23366,167,,MOTOCICLETAS MARCA BMW VIN#WB30G0202LR880356,1,VEHICULO/VEHICLE,S/M y S/N,0,250,0,9743485,MOLLY SCHULTE,19SEE0113324,20360150,14,11/2/2020
167,23367,168,,MOTOCICLETAS MARCA BMW VIN#WB30G0204LR880357,1,VEHICULO/VEHICLE,S/M y S/N,0,250,0,9743485,MOLLY SCHULTE,19SEE0113324,20360150,15,11/2/2020
168,23368,169,,MOTOCICLETAS MARCA BMW VIN#WB30G0206LR880358,1,VEHICULO/VEHICLE,S/M y S/N,0,250,0,9743485,MOLLY SCHULTE,19SEE0113324,20360150,16,11/2/2020
169,23369,170,,MOTOCICLETAS MARCA BMW VIN#WB30G0208LR880359,1,VEHICULO/VEHICLE,S/M y S/N,0,250,0,9743485,MOLLY SCHULTE,19SEE0113324,20360150,17,11/2/2020
170,23370,171,,MOTOCICLETAS MARCA BMW VIN#WB30G0205LR880366,1,VEHICULO/VEHICLE,S/M y S/N,0,250,0,9743485,MOLLY SCHULTE,19SEE0113324,20360150,18,11/2/2020
171,23371,172,,MOTOCICLETAS MARCA BMW VIN#WB30G0207LR880367,1,VEHICULO/VEHICLE,S/M y S/N,0,250,0,9743485,MOLLY SCHULTE,19SEE0113324,20360150,19,11/2/2020
172,23372,173,,MOTOCICLETAS MARCA BMW VIN#WB30G0209LR880368,1,VEHICULO/VEHICLE,S/M y S/N,0,250,0,9743485,MOLLY SCHULTE,19SEE0113324,20360150,20,11/2/2020
173,23373,174,,MOTOCICLETAS MARCA BMW VIN#WB30G0200LR880369,1,VEHICULO/VEHICLE,S/M y S/N,0,250,0,9743485,MOLLY SCHULTE,19SEE0113324,20360150,21,11/2/2020
174,23374,175,,MOTOCICLETAS MARCA BMW VIN#WB30G0207LR880370,1,VEHICULO/VEHICLE,S/M y S/N,0,250,0,9743485,MOLLY SCHULTE,19SEE0113324,20360150,22,11/2/2020
175,23375,176,,MOTOCICLETAS MARCA BMW VIN#WB30G0209LR880371,1,VEHICULO/VEHICLE,S/M y S/N,0,250,0,9743485,MOLLY SCHULTE,19SEE0113324,20360150,23,11/2/2020
176,23376,177,,MOTOCICLETAS MARCA BMW VIN#WB30G0200LR880372,1,VEHICULO/VEHICLE,S/M y S/N,0,250,0,9743485,MOLLY SCHULTE,19SEE0113324,20360150,24,11/2/2020
177,23377,178,,MOTOCICLETAS MARCA BMW VIN#WB30G0202LR880373,1,VEHICULO/VEHICLE,S/M y S/N,0,250,0,9743485,MOLLY SCHULTE,19SEE0113324,20360150,25,11/2/2020
178,23378,179,,MOTOCICLETAS MARCA BMW VIN#WB30G0204LR880374,1,VEHICULO/VEHICLE,S/M y S/N,0,250,0,9743485,MOLLY SCHULTE,19SEE0113324,20360150,26,11/2/2020
179,23379,180,80390110000,BANANO FRESCO,5400,CAJA/BOX,,10800,111564,97956,9164768,CALA PULA V.2007,CRMOBPTSETCOS2000253,20200088,5,16/02/20
180,23380,181,,CAJONES DE METAL,154,BULTOS/PACKAGE,S/M,0,18788,0,9231494,EM CORFU 011 WEEK 07,GWFCNLC000173,20360026,1,12/2/2020
181,23381,182,,CAJONES DE METAL,154,BULTOS/PACKAGE,S/M,0,18788,0,9231494,EM CORFU 011 WEEK 07,GWFCNLC000174,20360026,1,12/2/2020
182,23382,183,,CAJONES DE METAL,134,BULTOS/PACKAGE,S/M,0,16348,0,9231494,EM CORFU 011 WEEK 07,GWFCNLC000174,20360026,2,12/2/2020
183,23383,184,,CAJONES DE METAL,134,BULTOS/PACKAGE,S/M,0,16348,0,9231494,EM CORFU 011 WEEK 07,GWFCNLC000174,20360026,3,12/2/2020
184,23384,185,80430000019,PIÑA FRUTA FRESCA,8400,CAJA/BOX,SM,42000,105000,97440,,,,,0,/ /
185,23385,186,,ELECTRODOMESTICOS,896,BULTOS/PACKAGE,SM,0,7105.6,0,9743485,MOLLY SCHULTE,CTG08022020,20360150,1,11/2/2020
186,23386,187,3.9252E+11,VENTANAS DE PVC,105,BULTOS/PACKAGE,,12590.55,2628,2628,9491604,VEGA VIRGO V518 S,ZIMUSAN0093504,20360141,1,17/02/20
187,23387,188,3.9252E+11,VENTANAS DE PVC,420,BULTOS/PACKAGE,,34923,9012,9012,9491604,VEGA VIRGO V518 S,ZIMUSAN0093504,20360141,1,17/02/20
188,23388,189,3.9252E+11,VENTANAS DE PVC,105,BULTOS/PACKAGE,,5749.8,890,890,9491604,VEGA VIRGO V518 S,ZIMUSAN0093504,20360141,1,17/02/20
189,23389,190,3.9252E+11,VENTANAS DE PVC,105,BULTOS/PACKAGE,,6119.4,1078,1078,9491604,VEGA VIRGO V518 S,ZIMUSAN0093504,20360141,1,17/02/20
190,23390,191,71450100011,MALANGA FRESCA,300,CAJA/BOX,SIN MARCA,5700,5160,4800,,,,,0,/ /
191,23391,192,71410000011,YUCA FRESCA,120,CAJA/BOX,SIN MARCA,1200,2064,1920,,,,,0,/ /
192,23392,193,91011100090,JENJIBRE FRESCO,300,CAJA/BOX,SIN MARCA,6000,3960,3750,,,,,0,/ /
193,23393,194,71450100011,MALANGA FRESCA,300,CAJA/BOX,SIN MARCA,5700,5160,4800,,,,,0,/ /
194,23394,195,70993100010,AYOTE FRESCO,300,CAJA/BOX,SIN MARCA,2100,4815,4800,,,,,0,/ /
195,23395,196,3.81239E+11,ESTABILIZADOR TÉRMICO RT6611 S,13,BULTOS/PACKAGE,/,77588.15,15988.84,15921.26,9694426,MINERVA,HLCUBSC2001BQXO9,20360151,1,13/02/20
196,23396,197,80430000019,PIÑA FRESCA,1680,CAJA/BOX,SIN MARCA,11205.6,21840,20160,,,,,0,/ /
197,23397,198,80430000019,PIÑA FRESCA,1680,CAJA/BOX,SIN MARCA,11205.6,21840,20160,,,,,0,/ /
198,23398,199,4.82391E+11,PAPAEL DE FILTRACION RAPIDO SM ;REF: DP400200,6,BULTOS/PACKAGE,SM,597.53,222.894,211.684,,,,,0,/ /
199,23399,200,3.92322E+11,BOLSAS PLANAS SM ;REF: FLACHSACKE,5,BULTOS/PACKAGE,SM,1441.1,537.568,510.532,,,,,0,/ /
200,23400,201,2.93627E+11,ACIDO ASCORBICO SM ;REF: ASCORBINSAURE,5,BULTOS/PACKAGE,SM,7264.06,2709.695,2573.413,,,,,0,/ /
201,23401,202,2.53091E+11,"MATERIAL FILTRANTE BF30 SM ,REF LEVASIL 30",5,BULTOS/PACKAGE,SM,2288.18,853.554,810.625,,,,,0,/ /
202,23402,203,4.8182E+11,"TOALLA DE PAPEL 26 X 24CM FA. KEERL SM ,REF 26X24CM",5,BULTOS/PACKAGE,SM,1323.7,493.776,468.942,,,,,0,/ /
203,23403,204,4.8182E+11,KEMME PAPEL DE LIMPIEZA 38 X 38 cm SM ;REF: ON50490190,5,BULTOS/PACKAGE,SM,541.29,201.916,191.761,,,,,0,/ /
204,23404,205,4.8182E+11,"PAPEL PARA DISPENSADOR MEDI EN ROLLO SM ,REF 50 497070L",5,BULTOS/PACKAGE,SM,3854.17,1437.712,1365.403,,,,,0,/ /
205,23405,206,7.0179E+11,"CUBETA DE VIDRIO SM ,REF FMS-8000-B02",2,BULTOS/PACKAGE,SM,1593.41,594.385,564.491,,,,,0,/ /
206,23406,207,,ELECTRODOMESTICOS Y REPUESTOS,103,BULTOS/PACKAGE,SM,0,4176.35,0,9743485,MOLLY SCHULTE,CTG08022020,20360150,2,11/2/2020
207,23407,208,80430000019,PIÑA FRESCA,1680,CAJA/BOX,SIN MARCA,11205.6,21840,20160,,,,,0,/ /
208,23408,209,80430000019,PIÑA FRESCA,1680,CAJA/BOX,SIN MARCA,11205.6,21840,20160,,,,,0,/ /
209,23409,210,80430000019,PIÑA FRESCA,1680,CAJA/BOX,SIN MARCA,11205.6,21840,20160,,,,,0,/ /
210,23410,211,80430000019,PIÑA FRESCA,1680,CAJA/BOX,SIN MARCA,11205.6,21840,20160,,,,,0,/ /
211,23411,212,80430000019,PIÑA FRESCA,1680,CAJA/BOX,SIN MARCA,11205.6,21840,20160,,,,,0,/ /
212,23412,213,81190000029,BANANO ENTERO PELADO CONGELADO,756,BULTOS/PACKAGE,SIN MARCA,16685.03,18242.28,17146.08,9347293,SAN ALESSIO 020 WEEK 08,GWFCCRC003123,20360036,1,20/02/20
213,23413,214,,"MIGA DE PAN, KB 8895",1057,BOLSA/BAG,S/M y S/N,0,17314,0,9185281,DOLE CHILE V004,CANW0200CR,20360114,1,9/2/2020
214,23414,215,4.8191E+11,CAJAS DE CARTON DESARMADAS TAPA EGTK 030815 MARCA CORRUGADOS DE SULA MODELO 13740168,37,BULTOS/PACKAGE,CORRUGADOS DE SULA,566.5,640.41,640.41,,,,,0,/ /
215,23415,216,4.8191E+11,CAJAS DE CARTON DESARMADAS TAPA EGTK 030815 MARCA CORRUGADOS DE SULA MODELO 13740168,64,BULTOS/PACKAGE,CORRUGADOS DE SULA,990.9,1120.16,1120.16,,,,,0,/ /
216,23416,217,4.8191E+11,CAJAS DE CARTON DESARMADAS FONDO UF EGFR 0311 MARCA CORRUGADOS DE SULA MODELO 13740123,7,CAJA/BOX,CORRUGADOS DE SULA,95.98,108.5,108.5,,,,,0,/ /
217,23417,218,4.8191E+11,CAJAS DE CARTON DESARMADAS FONDO UF EGFR 0311 MARCA CORRUGADOS DE SULA MODELO 13740123,194,CAJA/BOX,CORRUGADOS DE SULA,2857.36,3230.1,3230.1,,,,,0,/ /
218,23418,219,4.8191E+11,CAJAS DE CARTON DESARMADAS PAD EGP-0065 MARCA CORRUGADOS DE SULA MODELO 13740138,20,BULTOS/PACKAGE,CORRUGADOS DE SULA,279.26,315.69,315.69,,,,,0,/ /
219,23419,220,70999200090,CHAYOTE,1248,CAJA/BOX,SM,8736,21465.6,19968,,,,,0,/ /
220,23420,221,70993900010,CALABAZA FRESCA,1080,CAJA/BOX,SM,7560,20520,19440,,,,,0,/ /
221,23421,222,81190000029,BANANO ENTERO PELADO CONGELADO,756,BULTOS/PACKAGE,SIN MARCA,16685.03,18242.28,17146.08,9347293,SAN ALESSIO 020 WEEK 08,GWFCCRC003122,20360036,1,20/02/20
222,23422,223,80390110000,FRUTA BANANO FRESCO,200,CAJA/BOX,SM,1000,4000,3800,,,,,0,/ /
223,23423,224,80390110000,FRUTA BANANO FRESCO,200,CAJA/BOX,SM,1000,4000,3800,,,,,0,/ /
224,23424,225,80390110000,FRUTA BANANO FRESCO,200,CAJA/BOX,SM,1000,4000,3800,,,,,0,/ /
225,23425,226,80430000019,PIÑA FRUTA FRESCA,1680,CAJA/BOX,SM,8762.4,22068,20230.92,9227302,MSC KATYA R. NQ006R,MEDUJ0134331,20360125,1,16/02/20
226,23426,227,80390110000,FRUTA BANANO FRESCO,200,CAJA/BOX,SM,1000,4000,3800,,,,,0,/ /
227,23427,228,,ALFOMBRAS,2,BULTOS/PACKAGE,S/M,0,6.8,0,9395044,VARAMO,HBOL-20135,20360680,1,11/2/2020
228,23428,229,,"ARTICULOS PARA RESTURANTE, CINTAS DE TELA, CANASTAS DE MIMBRE",14,BULTOS/PACKAGE,S/M,0,231.78,0,9395044,VARAMO,HBOL-20132,20360680,1,11/2/2020
229,23429,230,,"ESTRUCTURAS DE PIEDRAS TALLADAS BANCOS DE PIEDRA, RACK PARA TELEVISOR, RACK PARA BICICLETA",42,BULTOS/PACKAGE,S/M,0,9204.75,0,9395044,VARAMO,HBOL-20133,20360680,1,11/2/2020
230,23430,231,,COLCHONES Y SUS COMPONENTES,26,BULTOS/PACKAGE,S/M,0,768.83,0,9395044,VARAMO,HBOL-20134,20360680,1,11/2/2020
231,23431,232,,"SUMINISTRO PARA HOTELES, ROPA DE VESTIR, SUMINISTROS PARA HUESPEDES",3,BULTOS/PACKAGE,S/M,0,355.61,0,9395044,VARAMO,HBOL-20131,20360680,1,11/2/2020
232,23432,233,80430000019,PIÑA FRESCA FRUTA (ANANAS COMOSUS),1680,CAJA/BOX,SM,9038.4,999999,999999,,,,,0,/ /
233,23433,234,60420900090,FOLLAJES,926,CAJA/BOX,SM,27270.23,6957,6283,,,,,0,/ /
234,23434,235,2.0071E+11,COMPOTA DE VIDRIO 113gr 1x24 chupetin,5100,CAJA/BOX,,29580,24480,13831.2,9491604,VEGA VIRGO V518 S,COSU6257344390,20360141,1,17/02/20
235,23435,236,4.8191E+11,CAJAS DE CARTON DESARMADAS TAPA UF EGTK 090119 LOLA MARCA CORRUGADOS DE SULA MODELO 13740322,28,BULTOS/PACKAGE,CORRUGADOS DE SULA,440.42,497.99,497.99,,,,,0,/ /
236,23436,237,4.8191E+11,CAJAS DE CARTON DESARMADAS TAPA UF EGTK 090119 LOLA MARCA CORRUGADOS DE SULA MODELO 13740322,22,BULTOS/PACKAGE,CORRUGADOS DE SULA,339.78,384.18,384.18,,,,,0,/ /
237,23437,238,4.8191E+11,CAJAS DE CARTON DESARMADAS FONDO UF EGFR 0311 MARCA CORRUGADOS DE SULA MODELO 13740123,100,CAJA/BOX,CORRUGADOS DE SULA,1479.14,1672.44,1672.44,,,,,0,/ /
238,23438,239,4.8191E+11,CAJAS DE CARTON DESARMADAS PAD EGP-0065 MARCA CORRUGADOS DE SULA MODELO 13740138,4,BULTOS/PACKAGE,CORRUGADOS DE SULA,44.96,50.85,50.85,,,,,0,/ /
239,23439,240,4.8191E+11,CAJAS DE CARTON DESARMADAS PAD EGP-0065 MARCA CORRUGADOS DE SULA MODELO 13740138,7,BULTOS/PACKAGE,CORRUGADOS DE SULA,94.9,107.29,107.29,,,,,0,/ /
240,23440,241,,COLORANTES ORGANICOS,1,PALETAS,S/M y S/N,0,90,0,9635676,ALEXANDRA 0DV52N1MA,INTERVERSJO95902,20360081,1,13/02/20
241,23441,242,,HILO DE ALGODON,8,PALETAS,S/M y S/N,0,2069.5,0,9635676,ALEXANDRA 0DV52N1MA,INTERVERSJO96159,20360081,1,13/02/20
242,23442,243,,TRANSFORMADORES DE CORRIENTE Y TENSION,2,BULTOS/PACKAGE,S/M y S/N,0,335,0,9635676,ALEXANDRA 0DV52N1MA,GSCMIA-100220,20360081,1,13/02/20
243,23443,244,3.30499E+11,CUIDADO DE LA PIEL LIMPADOR FACIAL MARCA BIORE MODELO 1713005,10,CAJA/BOX,BIORE,193.65,44.34,44.34,,,,,0,/ /
244,23444,245,3.30499E+11,CUIDADO DE LA PIEL LIMPADOR FACIAL MARCA BIORE MODELO 2036603,70,CAJA/BOX,BIORE,1532.47,350.89,350.89,,,,,0,/ /
245,23445,246,3.30499E+11,CUIDADO DE LA PIEL LIMPADOR FACIAL MARCA BIORE MODELO 2288202,50,CAJA/BOX,BIORE,1094.62,250.64,250.64,,,,,0,/ /
246,23446,247,3.30499E+11,CUIDADO DE LA PIEL LIMPADOR FACIAL MARCA BIORE MODELO 2384701,10,CAJA/BOX,BIORE,218.92,50.13,50.13,,,,,0,/ /
247,23447,248,3.30499E+11,CUIDADO DE LA PIEL LIMPADOR FACIAL MARCA BIORE MODELO 2465600,10,CAJA/BOX,BIORE,258.11,59.1,59.1,,,,,0,/ /
248,23448,249,1.90532E+11,GALLETAS DULCES DE HARINA CON SABOR VAINILLA MARCA PEPPERIDGE MODELO 10014100030802,198,CAJA/BOX,PEPPERIDGE,7937.4,1817.45,1817.45,,,,,0,/ /
249,23449,250,1.90532E+11,GALLETAS DULCES DE HARINA CON SABOR VAINILLA Y RELLENO CHOCOLATE MARCA PEPPERIDGE MODELO 10014100122743,100,CAJA/BOX,PEPPERIDGE,4008.78,917.91,917.91,,,,,0,/ /
250,23450,251,1.90532E+11,GALLETAS DULCES DE HARINA CON INCRUSTACIONES DE CHOCOLATE Y MACADAMIA MARCA PEPPERIDGE MODELO 10014100031007,100,CAJA/BOX,PEPPERIDGE,3741.53,856.71,856.71,,,,,0,/ /
251,23451,252,1.90532E+11,GALLETAS DULCES DE HARINA CON INCRUSTACIONES DE CHOCOLATE OSCURO MARCA PEPPERIDGE MODELO 10014100077135,100,CAJA/BOX,PEPPERIDGE,3741.53,856.71,856.71,,,,,0,/ /
252,23452,253,1.9059E+11,GALLETAS SALADAS DE HARINA CON INCRUSTACIONES DE CHOCOLATE OSCURO Y PECANAS MARCA PEPPERIDGE MODELO 10014100030970,50,CAJA/BOX,PEPPERIDGE,1870.77,428.36,428.36,,,,,0,/ /
253,23453,254,1.9059E+11,GALLETAS SALADAS DE HARINA CON INCRUSTACIONES DE CHOCOLATE BLANCO Y MACADAMIA MARCA PEPPERIDGE MODELO 10014100075223,50,CAJA/BOX,PEPPERIDGE,1870.77,428.36,428.36,,,,,0,/ /
254,23454,255,1.9059E+11,GALLETAS SALADAS DE HARINACON FORMA DE PESCADO MARCA PEPPERIDGE MODELO 10014100031236,100,CAJA/BOX,PEPPERIDGE,3207.04,734.32,734.32,,,,,0,/ /
255,23455,256,1.9059E+11,GALLETAS SALADAS DE HARINACON FORMA DE PESCADO MARCA PEPPERIDGE MODELO 10014100031281,50,CAJA/BOX,PEPPERIDGE,1603.51,367.16,367.16,,,,,0,/ /
256,23456,257,1.9059E+11,GALLETAS SALADAS DE HARINACON FORMA DE PESCADO Y SABOR QUESO MARCA PEPPERIDGE MODELO 10014100031212,150,CAJA/BOX,PEPPERIDGE,4810.55,1101.49,1101.49,,,,,0,/ /
257,23457,258,1.9059E+11,GALLETAS SALADAS DE HARINACON FORMA DE PESCADO Y SABOR QUESO MARCA PEPPERIDGE MODELO 10014100031212,50,CAJA/BOX,PEPPERIDGE,1603.51,367.16,367.16,,,,,0,/ /
258,23458,259,1.9059E+11,GALLETAS SALADAS DE HARINACON FORMA DE PESCADO Y SABOR QUESO MARCA PEPPERIDGE MODELO 10014100031205,50,CAJA/BOX,PEPPERIDGE,1603.51,367.16,367.16,,,,,0,/ /
259,23459,260,1.90532E+11,GALLETAS DULCES DE HARINA CON SABOR VAINILLA MARCA PEPPERIDGE MODELO 10014100030802,50,CAJA/BOX,PEPPERIDGE,2004.4,458.95,458.95,,,,,0,/ /
260,23460,261,1.90532E+11,GALLETAS DULCES DE HARINA CON SABOR VAINILLA Y RELLENO CHOCOLATE MARCA PEPPERIDGE MODELO 10014100122743,50,CAJA/BOX,PEPPERIDGE,2004.4,458.95,458.95,,,,,0,/ /
261,23461,262,1.90532E+11,GALLETAS DULCES DE HARINA CON SABOR LECHE EN POLVO MARCA PEPPERIDGE MODELO 10014100031151,49,CAJA/BOX,PEPPERIDGE,1964.3,449.77,449.77,,,,,0,/ /
262,23462,263,1.9059E+11,GALLETAS SALADAS DE HARINACON FORMA DE PESCADO MARCA PEPPERIDGE MODELO 10014100031281,50,CAJA/BOX,PEPPERIDGE,1603.51,367.16,367.16,,,,,0,/ /
263,23463,264,1.9059E+11,GALLETAS SALADAS DE HARINACON FORMA DE PESCADO Y SABOR QUESO MARCA PEPPERIDGE MODELO 10014100046124,100,CAJA/BOX,PEPPERIDGE,1383.03,316.68,316.68,,,,,0,/ /
264,23464,265,1.90532E+11,GALLETAS DULCES DE HARINA CON SABOR VAINILLA Y RELLENO CHOCOLATE DE LECHE MARCA PEPPERIDGE MODELO 10014100124822,50,CAJA/BOX,PEPPERIDGE,2004.4,458.95,458.95,,,,,0,/ /
265,23465,266,1.90532E+11,GALLETAS DULCES DE HARINA CON SABOR VAINILLA Y RELLENO DE JALEA DE FRESA MARCA PEPPERIDGE MODELO 10014100030871,50,CAJA/BOX,PEPPERIDGE,2004.4,458.95,458.95,,,,,0,/ /
266,23466,267,1.9059E+11,GALLETAS SALADAS DE HARINACON FORMA DE PESCADO Y SABOR QUESO MARCA PEPPERIDGE MODELO 10014100034565,50,CAJA/BOX,PEPPERIDGE,601.35,137.7,137.7,,,,,0,/ /
267,23467,268,80430000019,PIÑA FRESCA,1680,CAJA/BOX,SIN MARCA,9100,20603.77,18964.84,,,,,0,/ /
268,23468,269,80430000019,PIÑA FRESCA,1680,CAJA/BOX,SIN MARCA,9556,21636.23,19915.16,,,,,0,/ /
269,23469,270,2.00191E+11,ACEITUNAS (KALAMATA OLIVES PITTED 34.2 OZ) : PARTHENON ITEM 3778,40,CAJA/BOX,SM,1236.84,326.531,326.531,,,,,0,/ /
270,23470,271,2.0057E+11,ACEITUNAS VERDE RELLENA (QUEEN OLIVES 2 X 33.05 OZ) MARCA: MEMBERS SELECTION ITEM 102002,40,CAJA/BOX,SM,783.51,215.959,215.959,,,,,0,/ /
271,23471,272,3.9269E+11,PERCHAS / GANCHOS P/ROPA (FLOCKED HANGERS 50 pk) MARCA: HONEY CAN DO ITEM 3225,18,CAJA/BOX,SM,384.47,161.959,161.959,,,,,0,/ /
272,23472,273,4.20292E+11,MOCHILA (LAPTOP BACKPACK) : SWISS GEAR ITEM 9819,1,CAJA/BOX,SM,1864.78,79.728,79.728,,,,,0,/ /
273,23473,274,6.10463E+11,PANTALON LEGGING P/DAMA (LDS SUEDE LEGGINGS 2PK JZBL) : JEZEBEL ITEM 784577,16,CAJA/BOX,SM,5413.3,174.15,174.15,,,,,0,/ /
274,23474,275,6.1112E+11,CONJUNTO PARA BEBE DE 4 MPIEZAS (BABY BOY/GIRL SET 4PC PEKKLE) : PEKKLE ITEM 222399,4,CAJA/BOX,SM,1841.66,67.918,67.918,,,,,0,/ /
275,23475,276,6.20342E+11,PANTALON DENIM PARA HOMBRE (MNS JEANS COPPER Y OAK PACK A : COPPER Y OAK ITEM 500153,10,CAJA/BOX,SM,3169.32,221.769,221.769,,,,,0,/ /
276,23476,277,6.20443E+11,VESTIDOS PARA NINA (GIRLS DRESS JONA MICHELLE : JONA MICHELLE ITEM 499571,5,CAJA/BOX,SM,3279.11,72.562,72.562,,,,,0,/ /
277,23477,278,6.30239E+11,JUEGO DE SABANAS (320TC KING COTTON SHEET SETS) MARCA:PURE COMFORT ITEM 362705,4,CAJA/BOX,SM,759.46,79.819,79.819,,,,,0,/ /
278,23478,279,6.912E+11,VAJILLA DE CERAMICA (STITCH 12PC DINNERWARE) : DENMARK ITEM 9881,18,CAJA/BOX,SM,898.96,296.327,296.327,,,,,0,/ /
279,23479,280,8.41451E+11,VENTILADOR DE TECHO (52IN WALDON HUNTER FAN) . HUNTER FAN ITEM 5643,15,CAJA/BOX,SM,1180.29,157.823,157.823,,,,,0,/ /
280,23480,281,1.7022E+11,SIROPE DE MAPLE (SUCRO B 100% MAPLE SYRUP 20.28) TLCMARCA: SUCROBEC ITEM 3158,10,CAJA/BOX,SM,836.98,107.755,107.755,,,,,0,/ /
281,23481,282,1.9012E+11,MEZCLA PARA PANQUEQUES (KRUZTEAZ PANCK MX 10 LBS) TLCMARCA: CONTINENTAL ITEM 315,50,CAJA/BOX,SM,1137.31,997.732,997.732,,,,,0,/ /
282,23482,283,1.90191E+11,MEZCLA PARA HELADO SABOR VAINILLA (VANILLA SOFT SERVE 7% MIX 4.5 GAL) TLCMARCA: KAN PAK ITEM 258408,10,CAJA/BOX,SM,400.41,190.476,190.476,,,,,0,/ /
283,23483,284,1.90191E+11,PUDIN CHOCOLATE VAINILLA (PUDDING VRT 36 CT CHOCOLATE VAINILLA) TLCMARCA: SNACK PACK ITEM 413163,90,BULTOS/PACKAGE,SM,679.52,375.51,375.51,,,,,0,/ /
284,23484,285,1.90219E+11,PASTA ALIMENTICIA MACARRONI (MACARONI & CHEESE 5/7.25 OZ) TLCMARCA: KRAFT ITEM 211808,70,CAJA/BOX,SM,1362.78,360.426,360.426,,,,,0,/ /
285,23485,286,1.90219E+11,VARIEDAD DE PASTAS (GF PENNE / SPAGHETTI COMBO) MARCA: BARILLA ITEM 373434,196,BULTOS/PACKAGE,SM,1432.16,318.308,318.308,,,,,0,/ /
286,23486,287,1.9054E+11,TROZOS DE PAN (CROUTONS) (CHEESE GARLIC CROUTONS 100/1OZ) TLCMARCA: FOOD SERVICE ITEM 265690,10,CAJA/BOX,SM,159.98,28.345,28.345,,,,,0,/ /
287,23487,288,1.9059E+11,MASA PREPARADA PARA PIZZA (MIA ORIGINAÑL CRUST 2PK 12IN) : MIA ITEM 64171,16,CAJA/BOX,SM,710.32,174.15,174.15,,,,,0,/ /
288,23488,289,2.008E+11,MERMELADA DE UVA (WELCH GRAPE JELY 2PK/30 OZ) MARCA: WELCH S ITEM 161,44,CAJA/BOX,SM,861.42,495.673,495.673,,,,,0,/ /
289,23489,290,2.0082E+11,PISTACHOS TOSTADOS CON SAL (R/S SHELLED PISTACHIOS 1.5LB) MARCA:WONDERFUL ITEM 210251,6,CAJA/BOX,SM,1168.2,73.038,73.038,,,,,0,/ /
290,23490,291,2.1039E+11,AJO EN ACEITE 32 OZ (GARLIC IN OIL 32 OZ) TLCMARCA: BADIA ITEM 4217,144,CAJA/BOX,SM,2599.75,783.673,783.673,,,,,0,/ /
291,23491,292,2.1039E+11,ADEREZO P/ENSALADAS RANCH (RANCH 1.5Z POUCH 60CT) 1MARCA: FOOD SERVICE INGREDIENT ITEM 311475,96,CAJA/BOX,SM,1008.83,244.898,244.898,,,,,0,/ /
292,23492,293,2.1039E+11,SALSA INGLESA (LEA&PERRINS WORCESTERSHIR 2/20) MARCA: LEA & PERRIS ITEM 935109,34,CAJA/BOX,SM,1441.97,231.292,231.292,,,,,0,/ /
293,23493,294,2.10691E+11,PROTEINA DE SUPLEMENTO ALIMENTICIA (VAN WHEY PROTEIN POWDER 2LB) MARCA:DESIGNER WHEY ITEM 844330 A LAB 669-2019,1,CAJA/BOX,SM,4307.48,326.531,326.531,,,,,0,/ /
294,23494,295,2.10691E+11,LUSTRE AZUCARADO (DONUT ICING AP WHITE 6/4) TLCMARCA: DAWN FOODS USA ICINGS ITEM 303233,80,CAJA/BOX,SM,1912.12,913.197,913.197,,,,,0,/ /
295,23495,296,2.10691E+11,ENDULZANTE STEVIA EN SOBRES (MS STEVIA 500 CT) MARCA: MEMBERS SELECTION ITEM 8754,252,CAJA/BOX,SM,1603.29,171.429,171.429,,,,,0,/ /
296,23496,297,2.2021E+11,AGUA GASEADA AROMATIZADA (LACROIX SPARKLING WATER 24PK) ESPECIF/TLC: LA CROIX ITEM 24325,100,CAJA/BOX,SM,720.44,907.029,907.029,,,,,0,/ /
297,23497,298,2.203E+11,PREPARACION A BASE D/ALMENDRA (SILK ALMOND VANILLA 6/32OZ) ESPECIF/TLCMARCA: SILK ITEM 9254,300,CAJA/BOX,SM,3000.44,2244.442,1929.252,,,,,0,/ /
298,23498,299,2.209E+11,VINAGRE (VINEGAR 1.32 GAL HEINZ WHITE) TLCMARCA: HEINZ ITEM 51214,1,CAJA/BOX,SM,406.62,787.755,587.755,,,,,0,/ /
299,23499,300,3.30749E+11,REDUCTOR DE HUMEDAD (MOISTURE ABSORBER 4pk/16oz) TLCMARCA: DAMP RID ITEM 759191,16,CAJA/BOX,SM,1666.04,406.34,406.34,,,,,0,/ /
300,23500,301,3.40121E+11,JABON LIQUIDO (DIAL LIQUID HANDSOAP 6PK) MARCA: DIAL ITEM 455578,35,CAJA/BOX,SM,1780.17,428.571,428.571,,,,,0,/ /
301,23501,302,3.40121E+11,JABON LIQUIDO (DIAL ANTIBACT SOAP LIQ 128OZ) TLCMARCA: DIAL ITEM 48923,44,CAJA/BOX,SM,1282.92,758.993,758.993,,,,,0,/ /
302,23502,303,3.4013E+11,JABON LIQUIDO P/CUERPO (DIAL BODY WASH SW/ANTI 0 X 2/35OZ) TLCMARCA: DIAL ITEM 801540,20,CAJA/BOX,SM,1273.07,402.054,402.054,,,,,0,/ /
303,23503,304,3.4022E+11,JABON PARA LAVAR AUTOS (AA ULTRA SHINE LGAL CAR WASH) : ARMORALL ITEM 746747,8,CAJA/BOX,SM,353.37,190.694,190.694,,,,,0,/ /
304,23504,305,3.80895E+11,TOALLITAS PARA DESINFECTAR (CLOROX DISINFECTING WIPES 5/78 CT) TLCMARCA: CLOROX ITEM 15785,95,CAJA/BOX,SM,1129.63,379.138,379.138,,,,,0,/ /
305,23505,306,3.80895E+11,LIMPIADOR PARA SUPERFICIES (LYSOL MULTISURFACE 210OZ) : LYSOL ITEM 179667,45,CAJA/BOX,SM,754.2,979.592,579.592,,,,,0,/ /
306,23506,307,3.92411E+11,TABLA PARA CORTAR (CUTTING BOARD PE 18 X 20) MARCA: PROLINE ITEM 331042,6,CAJA/BOX,SM,543.06,138.313,138.313,,,,,0,/ /
307,23507,308,4.80256E+11,"COPIADORA PARA COPIADORA (COPY PAPER ADV 8 5 X 11 1800CT) ,MARCA: ADVANTAGE ITEM 428438",8,CAJA/BOX,SM,360.45,218.367,218.367,,,,,0,/ /
308,23508,309,6.10342E+11,PANTALON DEPORTIVO PARA HOMBRE (MEN ACTIVE JOGGER) : UNDER ARMOUR ITEM 988756,5,CAJA/BOX,SM,2640.1,40.816,40.816,,,,,0,/ /
309,23509,310,6.10463E+11,PANTALON LEGGING PARA DAMA (LDS ACTIVE LEGGING) :UNDER ARMOUR ITEM 988012,6,CAJA/BOX,SM,2799.95,41.143,41.143,,,,,0,/ /
310,23510,311,6.1052E+11,CAMISETA POLO PARA HOMBRE (MN POLO TSHIRT) :UNDER ARMOUR ITEM 410550,7,CAJA/BOX,SM,4089.6,42.667,42.667,,,,,0,/ /
311,23511,312,6.1061E+11,CAMISETA DE PUNTO PARA DAMA (LADIES POLO) : NAUTICA ITEM 710536,3,CAJA/BOX,SM,1329.31,18.939,18.939,,,,,0,/ /
312,23512,313,6.1091E+11,CAMISETA DE ALGODON P/HOMBRE (MN V-NECK TSHIRT) :TOMMY HILFIGER ITEM 510331,7,CAJA/BOX,SM,3009.76,50.286,50.286,,,,,0,/ /
313,23513,314,6.1099E+11,CAMISETA SIN MANGA PARA DAMA (LDS ACTIVE TANK TOP) : UNDER ARMOUR ITEM 988011,3,CAJA/BOX,SM,1226.27,15.02,15.02,,,,,0,/ /
314,23514,315,7.32394E+11,OLLA DE ACERO INXIDABLE (SS STOCK POT 16QT) MARCA: PROLINE ITEM 331022,3,CAJA/BOX,SM,328.95,25.714,25.714,,,,,0,/ /
315,23515,316,7.61511E+11,SARTEN DE ALUMINIO (FRY PANS PROF. 2PK-10) SMARCA: PROLINE ITEM 331003,12,CAJA/BOX,SM,1900.37,150.463,150.463,,,,,0,/ /
316,23516,317,7.61511E+11,BANDEJAS PARA HORNEAR (FULL SIZE ALUMINUM BUN PAN) TLCMARCA: TRAMONTINA ITEM 331039,3,CAJA/BOX,SM,205.04,34.077,34.077,,,,,0,/ /
317,23517,318,8.21191E+11,CUCHILLOS (DINNER KNIVES PROF. 36PC) MARCA: TRAMONTINA ITEM 331030,5,CAJA/BOX,SM,602.16,77.447,77.447,,,,,0,/ /
318,23518,319,8.21599E+11,TENEDORES (DINNER FORK PROFESSIONAL 36PC) MARCA: PROLINE ITEM 331016,6,CAJA/BOX,SM,399.62,50.939,50.939,,,,,0,/ /
319,23519,320,8.21599E+11,CUCHARAS (TEASPOON PROFESSIONAL 36PC) MARCA: TRAMONTINA ITEM 331023,6,CAJA/BOX,SM,318.12,43.442,43.442,,,,,0,/ /
320,23520,321,8.41451E+11,VENTILADOR (20 PULG HIGH VELOCITY FAN W/REMOTE) MARCA: LASKO ITEM 9886,16,CAJA/BOX,SM,880.77,129.161,129.161,,,,,0,/ /
321,23521,322,8.4713E+11,"COMPUTADORA PORTATIL (LAPTOP HP 14IN CELERON SPA) MARCA: HP ITEM 17688 SERIES:5CG93563KJ,5CG93563P3,5CG9361SQQ",3,CAJA/BOX,SM,731.21,4.735,4.735,,,,,0,/ /
322,23522,323,8.4713E+11,"COMPUTADORA PORTATIL (LAPTOP HP 15.6IN I3 SPA) : HF ITEM 188106 SERIES:5CD94809MV,5CD94809N3,5CD94809N7,5CD94809NF,5CD94809Q6,5CD94809Q9,5CD94809R5,5CD94809RN",8,CAJA/BOX,SM,3642.07,15.238,15.238,,,,,0,/ /
323,23523,324,8.4713E+11,"COMPUTADORA PORTATIL (LAPTOP EVOO 12.5 INCH CELERON SPAN) MARCA: EVOO ITEM 550143 SERIES:EV-C-125-3-BKMX18J00451,EV-C-125-3-BKMX18J00462,EV-C-125-3-BKMX18J00464,EV-C-125-3-BKMX18J00468,EV-C-125-3-BKMX18J00470",1,CAJA/BOX,SM,819.67,8.617,8.617,,,,,0,/ /
324,23524,325,8.4713E+11,"TABLETA 7IN (KIDS TABLET HIGH-Q 7IN BLUE) : HIGH-Q ITEM 711055 SERIES:ELT0704HBLI9GBM00145,ELT0704HBLI9GBM00169,ELT0704HBLI9GBM00245,ELT0704HBLI9GBM00346,ELT0704HBLI9GBM00382,ELT0704HBLI9GBM00396,ELT0704HBLI9GBM00397,ELT0704HBLI9GBM00427,ELT0704HBLI9",2,BULTOS/PACKAGE,SM,679.65,4.535,4.535,,,,,0,/ /
325,23525,326,8.4717E+11,"DISCO DURO PORTATIL 5TB (HDD 5TB PORTABLE SEAGATE) MARCA:SEAGATE ITEM 555551 SERIES:NAB9XN85,NAB9XN8N,NAB9XN8X,NAB9XN97,NAB9XN99,NAB9XN9S,NAB9XN9T,NAB9XNA9,NAB9XNAS,NAB9XNAV",2,CAJA/BOX,SM,1258.99,6.014,6.014,,,,,0,/ /
,,,,,,,,,,,,,,,,
,,,,,,,,,,,,,,,,
,,,,,,,,,,,,,,,,
,,,,,,,,,,,,,,,,
,,,,,,,,,,,,,,,,
,,,,,,,,,,,,,,,,
,,,,,,,,,,,,,,,,
,,,,,,,,,,,,,,,,
,,,,,,,,,,,,,,,,
,,,,,,,,,,,,,,,,
,,,,,,,,,,,,,,,,
,,,,,,,,,,,,,,,,
,,,,,,,,,,,,,,,,
,,,,,,,,,,,,,,,,
,,,,,,,,,,,,,,,,
,,,,,,,,,,,,,,,,
,,,,,,,,,,,,,,,,
,,,,,,,,,,,,,,,,
,,,,,,,,,,,,,,,,
,,,,,,,,,,,,,,,,
,,,,,,,,,,,,,,,,
,,,,,,,,,,,,,,,,
,,,,,,,,,,,,,,,,
,,,,,,,,,,,,,,,,
,,,,,,,,,,,,,,,,
,,,,,,,,,,,,,,,,
,,,,,,,,,,,,,,,,
,,,,,,,,,,,,,,,,
,,,,,,,,,,,,,,,,
,,,,,,,,,,,,,,,,
,,,,,,,,,,,,,,,,
,,,,,,,,,,,,,,,,
,,,,,,,,,,,,,,,,
,,,,,,,,,,,,,,,,
,,,,,,,,,,,,,,,,
,,,,,,,,,,,,,,,,
,,,,,,,,,,,,,,,,
,,,,,,,,,,,,,,,,
,,,,,,,,,,,,,,,,
,,,,,,,,,,,,,,,,
,,,,,,,,,,,,,,,,
,,,,,,,,,,,,,,,,
,,,,,,,,,,,,,,,,
,,,,,,,,,,,,,,,,
,,,,,,,,,,,,,,,,
,,,,,,,,,,,,,,,,
,,,,,,,,,,,,,,,,
,,,,,,,,,,,,,,,,
,,,,,,,,,,,,,,,,
,,,,,,,,,,,,,,,,
,,,,,,,,,,,,,,,,
,,,,,,,,,,,,,,,,
,,,,,,,,,,,,,,,,
,,,,,,,,,,,,,,,,
,,,,,,,,,,,,,,,,
,,,,,,,,,,,,,,,,
,,,,,,,,,,,,,,,,
,,,,,,,,,,,,,,,,
,,,,,,,,,,,,,,,,
,,,,,,,,,,,,,,,,
,,,,,,,,,,,,,,,,
,,,,,,,,,,,,,,,,
,,,,,,,,,,,,,,,,
,,,,,,,,,,,,,,,,
,,,,,,,,,,,,,,,,
,,,,,,,,,,,,,,,,
,,,,,,,,,,,,,,,,
,,,,,,,,,,,,,,,,
,,,,,,,,,,,,,,,,
,,,,,,,,,,,,,,,,
,,,,,,,,,,,,,,,,
,,,,,,,,,,,,,,,,
,,,,,,,,,,,,,,,,
,,,,,,,,,,,,,,,,
,,,,,,,,,,,,,,,,
,,,,,,,,,,,,,,,,
,,,,,,,,,,,,,,,,
,,,,,,,,,,,,,,,,
,,,,,,,,,,,,,,,,
,,,,,,,,,,,,,,,,
,,,,,,,,,,,,,,,,
,,,,,,,,,,,,,,,,
,,,,,,,,,,,,,,,,
,,,,,,,,,,,,,,,,
,,,,,,,,,,,,,,,,
,,,,,,,,,,,,,,,,
,,,,,,,,,,,,,,,,
,,,,,,,,,,,,,,,,
,,,,,,,,,,,,,,,,
,,,,,,,,,,,,,,,,
,,,,,,,,,,,,,,,,
,,,,,,,,,,,,,,,,
,,,,,,,,,,,,,,,,
,,,,,,,,,,,,,,,,
,,,,,,,,,,,,,,,,
,,,,,,,,,,,,,,,,
,,,,,,,,,,,,,,,,
,,,,,,,,,,,,,,,,
,,,,,,,,,,,,,,,,
,,,,,,,,,,,,,,,,
,,,,,,,,,,,,,,,,
,,,,,,,,,,,,,,,,
,,,,,,,,,,,,,,,,
,,,,,,,,,,,,,,,,
,,,,,,,,,,,,,,,,
,,,,,,,,,,,,,,,,
,,,,,,,,,,,,,,,,
,,,,,,,,,,,,,,,,
,,,,,,,,,,,,,,,,
,,,,,,,,,,,,,,,,
,,,,,,,,,,,,,,,,
,,,,,,,,,,,,,,,,
,,,,,,,,,,,,,,,,
,,,,,,,,,,,,,,,,
,,,,,,,,,,,,,,,,
,,,,,,,,,,,,,,,,
,,,,,,,,,,,,,,,,
,,,,,,,,,,,,,,,,
,,,,,,,,,,,,,,,,
,,,,,,,,,,,,,,,,
,,,,,,,,,,,,,,,,
,,,,,,,,,,,,,,,,
,,,,,,,,,,,,,,,,
,,,,,,,,,,,,,,,,
,,,,,,,,,,,,,,,,
,,,,,,,,,,,,,,,,
,,,,,,,,,,,,,,,,
,,,,,,,,,,,,,,,,
,,,,,,,,,,,,,,,,
,,,,,,,,,,,,,,,,
,,,,,,,,,,,,,,,,
,,,,,,,,,,,,,,,,
,,,,,,,,,,,,,,,,
,,,,,,,,,,,,,,,,
,,,,,,,,,,,,,,,,
,,,,,,,,,,,,,,,,
,,,,,,,,,,,,,,,,
,,,,,,,,,,,,,,,,
,,,,,,,,,,,,,,,,
,,,,,,,,,,,,,,,,
,,,,,,,,,,,,,,,,
,,,,,,,,,,,,,,,,
,,,,,,,,,,,,,,,,
,,,,,,,,,,,,,,,,
,,,,,,,,,,,,,,,,
,,,,,,,,,,,,,,,,
,,,,,,,,,,,,,,,,
,,,,,,,,,,,,,,,,
,,,,,,,,,,,,,,,,
,,,,,,,,,,,,,,,,
,,,,,,,,,,,,,,,,
,,,,,,,,,,,,,,,,
,,,,,,,,,,,,,,,,
,,,,,,,,,,,,,,,,
,,,,,,,,,,,,,,,,
,,,,,,,,,,,,,,,,
,,,,,,,,,,,,,,,,
,,,,,,,,,,,,,,,,
,,,,,,,,,,,,,,,,
,,,,,,,,,,,,,,,,
,,,,,,,,,,,,,,,,
,,,,,,,,,,,,,,,,
,,,,,,,,,,,,,,,,
,,,,,,,,,,,,,,,,
,,,,,,,,,,,,,,,,
,,,,,,,,,,,,,,,,
,,,,,,,,,,,,,,,,
,,,,,,,,,,,,,,,,
,,,,,,,,,,,,,,,,
,,,,,,,,,,,,,,,,
,,,,,,,,,,,,,,,,
,,,,,,,,,,,,,,,,
,,,,,,,,,,,,,,,,
,,,,,,,,,,,,,,,,
,,,,,,,,,,,,,,,,
,,,,,,,,,,,,,,,,
,,,,,,,,,,,,,,,,
,,,,,,,,,,,,,,,,
,,,,,,,,,,,,,,,,
,,,,,,,,,,,,,,,,
,,,,,,,,,,,,,,,,
,,,,,,,,,,,,,,,,
,,,,,,,,,,,,,,,,
,,,,,,,,,,,,,,,,
,,,,,,,,,,,,,,,,
,,,,,,,,,,,,,,,,
,,,,,,,,,,,,,,,,
,,,,,,,,,,,,,,,,
,,,,,,,,,,,,,,,,
,,,,,,,,,,,,,,,,
,,,,,,,,,,,,,,,,
,,,,,,,,,,,,,,,,
,,,,,,,,,,,,,,,,
,,,,,,,,,,,,,,,,
,,,,,,,,,,,,,,,,
,,,,,,,,,,,,,,,,
,,,,,,,,,,,,,,,,
,,,,,,,,,,,,,,,,
,,,,,,,,,,,,,,,,
,,,,,,,,,,,,,,,,
,,,,,,,,,,,,,,,,
,,,,,,,,,,,,,,,,
,,,,,,,,,,,,,,,,
,,,,,,,,,,,,,,,,
,,,,,,,,,,,,,,,,
,,,,,,,,,,,,,,,,
,,,,,,,,,,,,,,,,
,,,,,,,,,,,,,,,,
,,,,,,,,,,,,,,,,
,,,,,,,,,,,,,,,,
,,,,,,,,,,,,,,,,
,,,,,,,,,,,,,,,,
,,,,,,,,,,,,,,,,
,,,,,,,,,,,,,,,,
,,,,,,,,,,,,,,,,
,,,,,,,,,,,,,,,,
,,,,,,,,,,,,,,,,
,,,,,,,,,,,,,,,,
,,,,,,,,,,,,,,,,
,,,,,,,,,,,,,,,,
,,,,,,,,,,,,,,,,
,,,,,,,,,,,,,,,,
,,,,,,,,,,,,,,,,
,,,,,,,,,,,,,,,,
,,,,,,,,,,,,,,,,
,,,,,,,,,,,,,,,,
,,,,,,,,,,,,,,,,
,,,,,,,,,,,,,,,,
,,,,,,,,,,,,,,,,
,,,,,,,,,,,,,,,,
,,,,,,,,,,,,,,,,
,,,,,,,,,,,,,,,,
,,,,,,,,,,,,,,,,
,,,,,,,,,,,,,,,,
,,,,,,,,,,,,,,,,
,,,,,,,,,,,,,,,,
,,,,,,,,,,,,,,,,
,,,,,,,,,,,,,,,,
,,,,,,,,,,,,,,,,
,,,,,,,,,,,,,,,,
,,,,,,,,,,,,,,,,
,,,,,,,,,,,,,,,,
,,,,,,,,,,,,,,,,
,,,,,,,,,,,,,,,,
,,,,,,,,,,,,,,,,
,,,,,,,,,,,,,,,,
,,,,,,,,,,,,,,,,
,,,,,,,,,,,,,,,,
,,,,,,,,,,,,,,,,
,,,,,,,,,,,,,,,,
,,,,,,,,,,,,,,,,
,,,,,,,,,,,,,,,,
,,,,,,,,,,,,,,,,
,,,,,,,,,,,,,,,,
,,,,,,,,,,,,,,,,
,,,,,,,,,,,,,,,,
,,,,,,,,,,,,,,,,
,,,,,,,,,,,,,,,,
,,,,,,,,,,,,,,,,
,,,,,,,,,,,,,,,,
,,,,,,,,,,,,,,,,
,,,,,,,,,,,,,,,,
,,,,,,,,,,,,,,,,
,,,,,,,,,,,,,,,,
,,,,,,,,,,,,,,,,
,,,,,,,,,,,,,,,,
,,,,,,,,,,,,,,,,
,,,,,,,,,,,,,,,,
,,,,,,,,,,,,,,,,
,,,,,,,,,,,,,,,,
,,,,,,,,,,,,,,,,
,,,,,,,,,,,,,,,,
,,,,,,,,,,,,,,,,
,,,,,,,,,,,,,,,,
,,,,,,,,,,,,,,,,
,,,,,,,,,,,,,,,,
,,,,,,,,,,,,,,,,
,,,,,,,,,,,,,,,,
,,,,,,,,,,,,,,,,
,,,,,,,,,,,,,,,,
,,,,,,,,,,,,,,,,
,,,,,,,,,,,,,,,,
,,,,,,,,,,,,,,,,
,,,,,,,,,,,,,,,,
,,,,,,,,,,,,,,,,
,,,,,,,,,,,,,,,,
,,,,,,,,,,,,,,,,
,,,,,,,,,,,,,,,,
,,,,,,,,,,,,,,,,
,,,,,,,,,,,,,,,,
,,,,,,,,,,,,,,,,
,,,,,,,,,,,,,,,,
,,,,,,,,,,,,,,,,
,,,,,,,,,,,,,,,,
,,,,,,,,,,,,,,,,
,,,,,,,,,,,,,,,,
,,,,,,,,,,,,,,,,
,,,,,,,,,,,,,,,,
,,,,,,,,,,,,,,,,
,,,,,,,,,,,,,,,,
,,,,,,,,,,,,,,,,
,,,,,,,,,,,,,,,,
,,,,,,,,,,,,,,,,
,,,,,,,,,,,,,,,,
,,,,,,,,,,,,,,,,
,,,,,,,,,,,,,,,,
,,,,,,,,,,,,,,,,
,,,,,,,,,,,,,,,,
,,,,,,,,,,,,,,,,
,,,,,,,,,,,,,,,,
,,,,,,,,,,,,,,,,
,,,,,,,,,,,,,,,,
,,,,,,,,,,,,,,,,
,,,,,,,,,,,,,,,,
,,,,,,,,,,,,,,,,
,,,,,,,,,,,,,,,,
,,,,,,,,,,,,,,,,
,,,,,,,,,,,,,,,,
,,,,,,,,,,,,,,,,
,,,,,,,,,,,,,,,,
,,,,,,,,,,,,,,,,
,,,,,,,,,,,,,,,,
,,,,,,,,,,,,,,,,
,,,,,,,,,,,,,,,,
,,,,,,,,,,,,,,,,
,,,,,,,,,,,,,,,,
,,,,,,,,,,,,,,,,
,,,,,,,,,,,,,,,,
,,,,,,,,,,,,,,,,
,,,,,,,,,,,,,,,,
,,,,,,,,,,,,,,,,
,,,,,,,,,,,,,,,,
,,,,,,,,,,,,,,,,
,,,,,,,,,,,,,,,,
,,,,,,,,,,,,,,,,
,,,,,,,,,,,,,,,,
,,,,,,,,,,,,,,,,
,,,,,,,,,,,,,,,,
,,,,,,,,,,,,,,,,
,,,,,,,,,,,,,,,,
,,,,,,,,,,,,,,,,
,,,,,,,,,,,,,,,,
,,,,,,,,,,,,,,,,
,,,,,,,,,,,,,,,,
,,,,,,,,,,,,,,,,
,,,,,,,,,,,,,,,,
,,,,,,,,,,,,,,,,
,,,,,,,,,,,,,,,,
,,,,,,,,,,,,,,,,
,,,,,,,,,,,,,,,,
,,,,,,,,,,,,,,,,
,,,,,,,,,,,,,,,,
,,,,,,,,,,,,,,,,
,,,,,,,,,,,,,,,,
,,,,,,,,,,,,,,,,
,,,,,,,,,,,,,,,,
,,,,,,,,,,,,,,,,
,,,,,,,,,,,,,,,,
,,,,,,,,,,,,,,,,
,,,,,,,,,,,,,,,,
,,,,,,,,,,,,,,,,
,,,,,,,,,,,,,,,,
,,,,,,,,,,,,,,,,
,,,,,,,,,,,,,,,,
,,,,,,,,,,,,,,,,
,,,,,,,,,,,,,,,,
,,,,,,,,,,,,,,,,
,,,,,,,,,,,,,,,,
,,,,,,,,,,,,,,,,
,,,,,,,,,,,,,,,,
,,,,,,,,,,,,,,,,
,,,,,,,,,,,,,,,,
,,,,,,,,,,,,,,,,
,,,,,,,,,,,,,,,,
,,,,,,,,,,,,,,,,
,,,,,,,,,,,,,,,,
,,,,,,,,,,,,,,,,
,,,,,,,,,,,,,,,,
,,,,,,,,,,,,,,,,
,,,,,,,,,,,,,,,,
,,,,,,,,,,,,,,,,
,,,,,,,,,,,,,,,,
,,,,,,,,,,,,,,,,
,,,,,,,,,,,,,,,,
,,,,,,,,,,,,,,,,
,,,,,,,,,,,,,,,,
,,,,,,,,,,,,,,,,
,,,,,,,,,,,,,,,,
,,,,,,,,,,,,,,,,
,,,,,,,,,,,,,,,,
,,,,,,,,,,,,,,,,
,,,,,,,,,,,,,,,,
,,,,,,,,,,,,,,,,
,,,,,,,,,,,,,,,,
,,,,,,,,,,,,,,,,
,,,,,,,,,,,,,,,,
,,,,,,,,,,,,,,,,
,,,,,,,,,,,,,,,,
,,,,,,,,,,,,,,,,
,,,,,,,,,,,,,,,,
,,,,,,,,,,,,,,,,
,,,,,,,,,,,,,,,,
,,,,,,,,,,,,,,,,
,,,,,,,,,,,,,,,,
,,,,,,,,,,,,,,,,
,,,,,,,,,,,,,,,,
,,,,,,,,,,,,,,,,
,,,,,,,,,,,,,,,,
,,,,,,,,,,,,,,,,
,,,,,,,,,,,,,,,,
,,,,,,,,,,,,,,,,
,,,,,,,,,,,,,,,,
,,,,,,,,,,,,,,,,
,,,,,,,,,,,,,,,,
,,,,,,,,,,,,,,,,
,,,,,,,,,,,,,,,,
,,,,,,,,,,,,,,,,
,,,,,,,,,,,,,,,,
,,,,,,,,,,,,,,,,
,,,,,,,,,,,,,,,,
,,,,,,,,,,,,,,,,
,,,,,,,,,,,,,,,,
,,,,,,,,,,,,,,,,
,,,,,,,,,,,,,,,,
,,,,,,,,,,,,,,,,
,,,,,,,,,,,,,,,,
,,,,,,,,,,,,,,,,
,,,,,,,,,,,,,,,,
,,,,,,,,,,,,,,,,
,,,,,,,,,,,,,,,,
,,,,,,,,,,,,,,,,
,,,,,,,,,,,,,,,,
,,,,,,,,,,,,,,,,
,,,,,,,,,,,,,,,,
,,,,,,,,,,,,,,,,
,,,,,,,,,,,,,,,,
,,,,,,,,,,,,,,,,
,,,,,,,,,,,,,,,,
,,,,,,,,,,,,,,,,
,,,,,,,,,,,,,,,,
,,,,,,,,,,,,,,,,
,,,,,,,,,,,,,,,,
,,,,,,,,,,,,,,,,
,,,,,,,,,,,,,,,,
,,,,,,,,,,,,,,,,
,,,,,,,,,,,,,,,,
,,,,,,,,,,,,,,,,
,,,,,,,,,,,,,,,,
,,,,,,,,,,,,,,,,
,,,,,,,,,,,,,,,,
,,,,,,,,,,,,,,,,
,,,,,,,,,,,,,,,,
,,,,,,,,,,,,,,,,
,,,,,,,,,,,,,,,,
,,,,,,,,,,,,,,,,
,,,,,,,,,,,,,,,,
,,,,,,,,,,,,,,,,
,,,,,,,,,,,,,,,,
,,,,,,,,,,,,,,,,
,,,,,,,,,,,,,,,,
,,,,,,,,,,,,,,,,
,,,,,,,,,,,,,,,,
,,,,,,,,,,,,,,,,
,,,,,,,,,,,,,,,,
,,,,,,,,,,,,,,,,
,,,,,,,,,,,,,,,,
,,,,,,,,,,,,,,,,
,,,,,,,,,,,,,,,,
,,,,,,,,,,,,,,,,
,,,,,,,,,,,,,,,,
,,,,,,,,,,,,,,,,
,,,,,,,,,,,,,,,,
,,,,,,,,,,,,,,,,
,,,,,,,,,,,,,,,,
,,,,,,,,,,,,,,,,
,,,,,,,,,,,,,,,,
,,,,,,,,,,,,,,,,
,,,,,,,,,,,,,,,,
,,,,,,,,,,,,,,,,
,,,,,,,,,,,,,,,,
,,,,,,,,,,,,,,,,
,,,,,,,,,,,,,,,,
,,,,,,,,,,,,,,,,
,,,,,,,,,,,,,,,,
,,,,,,,,,,,,,,,,
,,,,,,,,,,,,,,,,
,,,,,,,,,,,,,,,,
,,,,,,,,,,,,,,,,
,,,,,,,,,,,,,,,,
,,,,,,,,,,,,,,,,
,,,,,,,,,,,,,,,,
,,,,,,,,,,,,,,,,
,,,,,,,,,,,,,,,,
,,,,,,,,,,,,,,,,
,,,,,,,,,,,,,,,,
,,,,,,,,,,,,,,,,
,,,,,,,,,,,,,,,,
,,,,,,,,,,,,,,,,
,,,,,,,,,,,,,,,,
,,,,,,,,,,,,,,,,
,,,,,,,,,,,,,,,,
,,,,,,,,,,,,,,,,
,,,,,,,,,,,,,,,,
,,,,,,,,,,,,,,,,
,,,,,,,,,,,,,,,,
,,,,,,,,,,,,,,,,
,,,,,,,,,,,,,,,,
,,,,,,,,,,,,,,,,
,,,,,,,,,,,,,,,,
,,,,,,,,,,,,,,,,
,,,,,,,,,,,,,,,,
,,,,,,,,,,,,,,,,
,,,,,,,,,,,,,,,,
,,,,,,,,,,,,,,,,
,,,,,,,,,,,,,,,,
,,,,,,,,,,,,,,,,
,,,,,,,,,,,,,,,,
,,,,,,,,,,,,,,,,
,,,,,,,,,,,,,,,,
,,,,,,,,,,,,,,,,
,,,,,,,,,,,,,,,,
,,,,,,,,,,,,,,,,
,,,,,,,,,,,,,,,,
,,,,,,,,,,,,,,,,
,,,,,,,,,,,,,,,,
,,,,,,,,,,,,,,,,
,,,,,,,,,,,,,,,,
,,,,,,,,,,,,,,,,
,,,,,,,,,,,,,,,,
,,,,,,,,,,,,,,,,
,,,,,,,,,,,,,,,,
,,,,,,,,,,,,,,,,
,,,,,,,,,,,,,,,,
,,,,,,,,,,,,,,,,
,,,,,,,,,,,,,,,,
,,,,,,,,,,,,,,,,
,,,,,,,,,,,,,,,,
,,,,,,,,,,,,,,,,
,,,,,,,,,,,,,,,,
,,,,,,,,,,,,,,,,
,,,,,,,,,,,,,,,,
,,,,,,,,,,,,,,,,
,,,,,,,,,,,,,,,,
,,,,,,,,,,,,,,,,
,,,,,,,,,,,,,,,,
,,,,,,,,,,,,,,,,
,,,,,,,,,,,,,,,,
,,,,,,,,,,,,,,,,
,,,,,,,,,,,,,,,,
,,,,,,,,,,,,,,,,
,,,,,,,,,,,,,,,,
,,,,,,,,,,,,,,,,
,,,,,,,,,,,,,,,,
,,,,,,,,,,,,,,,,
,,,,,,,,,,,,,,,,
,,,,,,,,,,,,,,,,
,,,,,,,,,,,,,,,,
,,,,,,,,,,,,,,,,
,,,,,,,,,,,,,,,,
,,,,,,,,,,,,,,,,
,,,,,,,,,,,,,,,,
,,,,,,,,,,,,,,,,
,,,,,,,,,,,,,,,,
,,,,,,,,,,,,,,,,
,,,,,,,,,,,,,,,,
,,,,,,,,,,,,,,,,
,,,,,,,,,,,,,,,,
,,,,,,,,,,,,,,,,
,,,,,,,,,,,,,,,,
,,,,,,,,,,,,,,,,
,,,,,,,,,,,,,,,,
,,,,,,,,,,,,,,,,
,,,,,,,,,,,,,,,,
,,,,,,,,,,,,,,,,
,,,,,,,,,,,,,,,,
,,,,,,,,,,,,,,,,
,,,,,,,,,,,,,,,,
,,,,,,,,,,,,,,,,
,,,,,,,,,,,,,,,,
,,,,,,,,,,,,,,,,
,,,,,,,,,,,,,,,,
,,,,,,,,,,,,,,,,
,,,,,,,,,,,,,,,,
,,,,,,,,,,,,,,,,
,,,,,,,,,,,,,,,,
,,,,,,,,,,,,,,,,
,,,,,,,,,,,,,,,,
,,,,,,,,,,,,,,,,
,,,,,,,,,,,,,,,,
,,,,,,,,,,,,,,,,
,,,,,,,,,,,,,,,,
,,,,,,,,,,,,,,,,
,,,,,,,,,,,,,,,,
,,,,,,,,,,,,,,,,
,,,,,,,,,,,,,,,,
,,,,,,,,,,,,,,,,
,,,,,,,,,,,,,,,,
,,,,,,,,,,,,,,,,
,,,,,,,,,,,,,,,,
,,,,,,,,,,,,,,,,
,,,,,,,,,,,,,,,,
,,,,,,,,,,,,,,,,
,,,,,,,,,,,,,,,,
,,,,,,,,,,,,,,,,
,,,,,,,,,,,,,,,,
,,,,,,,,,,,,,,,,
,,,,,,,,,,,,,,,,
,,,,,,,,,,,,,,,,
,,,,,,,,,,,,,,,,
,,,,,,,,,,,,,,,,
,,,,,,,,,,,,,,,,
,,,,,,,,,,,,,,,,
,,,,,,,,,,,,,,,,
,,,,,,,,,,,,,,,,
,,,,,,,,,,,,,,,,
,,,,,,,,,,,,,,,,
,,,,,,,,,,,,,,,,
,,,,,,,,,,,,,,,,
,,,,,,,,,,,,,,,,
,,,,,,,,,,,,,,,,
,,,,,,,,,,,,,,,,
,,,,,,,,,,,,,,,,
,,,,,,,,,,,,,,,,
,,,,,,,,,,,,,,,,
,,,,,,,,,,,,,,,,
,,,,,,,,,,,,,,,,
,,,,,,,,,,,,,,,,
,,,,,,,,,,,,,,,,
,,,,,,,,,,,,,,,,
,,,,,,,,,,,,,,,,
,,,,,,,,,,,,,,,,
,,,,,,,,,,,,,,,,
,,,,,,,,,,,,,,,,
,,,,,,,,,,,,,,,,
,,,,,,,,,,,,,,,,
,,,,,,,,,,,,,,,,
,,,,,,,,,,,,,,,,
,,,,,,,,,,,,,,,,
,,,,,,,,,,,,,,,,
,,,,,,,,,,,,,,,,
,,,,,,,,,,,,,,,,
,,,,,,,,,,,,,,,,
,,,,,,,,,,,,,,,,
,,,,,,,,,,,,,,,,
,,,,,,,,,,,,,,,,
,,,,,,,,,,,,,,,,
,,,,,,,,,,,,,,,,
,,,,,,,,,,,,,,,,
,,,,,,,,,,,,,,,,
,,,,,,,,,,,,,,,,
,,,,,,,,,,,,,,,,
,,,,,,,,,,,,,,,,
,,,,,,,,,,,,,,,,
,,,,,,,,,,,,,,,,
,,,,,,,,,,,,,,,,
,,,,,,,,,,,,,,,,
,,,,,,,,,,,,,,,,
,,,,,,,,,,,,,,,,
,,,,,,,,,,,,,,,,
,,,,,,,,,,,,,,,,
,,,,,,,,,,,,,,,,
,,,,,,,,,,,,,,,,
,,,,,,,,,,,,,,,,
,,,,,,,,,,,,,,,,
,,,,,,,,,,,,,,,,
,,,,,,,,,,,,,,,,
,,,,,,,,,,,,,,,,
,,,,,,,,,,,,,,,,
,,,,,,,,,,,,,,,,
,,,,,,,,,,,,,,,,
,,,,,,,,,,,,,,,,
,,,,,,,,,,,,,,,,
,,,,,,,,,,,,,,,,
,,,,,,,,,,,,,,,,
,,,,,,,,,,,,,,,,
,,,,,,,,,,,,,,,,
,,,,,,,,,,,,,,,,
,,,,,,,,,,,,,,,,
,,,,,,,,,,,,,,,,
,,,,,,,,,,,,,,,,
,,,,,,,,,,,,,,,,
,,,,,,,,,,,,,,,,
,,,,,,,,,,,,,,,,
,,,,,,,,,,,,,,,,
,,,,,,,,,,,,,,,,
,,,,,,,,,,,,,,,,
,,,,,,,,,,,,,,,,
,,,,,,,,,,,,,,,,
,,,,,,,,,,,,,,,,
,,,,,,,,,,,,,,,,
,,,,,,,,,,,,,,,,
,,,,,,,,,,,,,,,,
,,,,,,,,,,,,,,,,
,,,,,,,,,,,,,,,,
,,,,,,,,,,,,,,,,
,,,,,,,,,,,,,,,,
,,,,,,,,,,,,,,,,
,,,,,,,,,,,,,,,,
,,,,,,,,,,,,,,,,
,,,,,,,,,,,,,,,,
,,,,,,,,,,,,,,,,
,,,,,,,,,,,,,,,,
,,,,,,,,,,,,,,,,
,,,,,,,,,,,,,,,,
,,,,,,,,,,,,,,,,
,,,,,,,,,,,,,,,,
,,,,,,,,,,,,,,,,
,,,,,,,,,,,,,,,,
,,,,,,,,,,,,,,,,
,,,,,,,,,,,,,,,,
,,,,,,,,,,,,,,,,
,,,,,,,,,,,,,,,,
,,,,,,,,,,,,,,,,
,,,,,,,,,,,,,,,,
,,,,,,,,,,,,,,,,
,,,,,,,,,,,,,,,,
,,,,,,,,,,,,,,,,
,,,,,,,,,,,,,,,,
,,,,,,,,,,,,,,,,
,,,,,,,,,,,,,,,,
,,,,,,,,,,,,,,,,
,,,,,,,,,,,,,,,,
,,,,,,,,,,,,,,,,
,,,,,,,,,,,,,,,,
,,,,,,,,,,,,,,,,
,,,,,,,,,,,,,,,,
,,,,,,,,,,,,,,,,
,,,,,,,,,,,,,,,,
,,,,,,,,,,,,,,,,
,,,,,,,,,,,,,,,,
,,,,,,,,,,,,,,,,
,,,,,,,,,,,,,,,,
,,,,,,,,,,,,,,,,
,,,,,,,,,,,,,,,,
,,,,,,,,,,,,,,,,
,,,,,,,,,,,,,,,,
,,,,,,,,,,,,,,,,
,,,,,,,,,,,,,,,,
,,,,,,,,,,,,,,,,
,,,,,,,,,,,,,,,,
,,,,,,,,,,,,,,,,
,,,,,,,,,,,,,,,,
,,,,,,,,,,,,,,,,
,,,,,,,,,,,,,,,,
,,,,,,,,,,,,,,,,
,,,,,,,,,,,,,,,,
,,,,,,,,,,,,,,,,
,,,,,,,,,,,,,,,,
,,,,,,,,,,,,,,,,
,,,,,,,,,,,,,,,,
,,,,,,,,,,,,,,,,
,,,,,,,,,,,,,,,,
,,,,,,,,,,,,,,,,
,,,,,,,,,,,,,,,,
,,,,,,,,,,,,,,,,
,,,,,,,,,,,,,,,,
,,,,,,,,,,,,,,,,
,,,,,,,,,,,,,,,,
,,,,,,,,,,,,,,,,
,,,,,,,,,,,,,,,,
,,,,,,,,,,,,,,,,
,,,,,,,,,,,,,,,,
,,,,,,,,,,,,,,,,
,,,,,,,,,,,,,,,,
,,,,,,,,,,,,,,,,
,,,,,,,,,,,,,,,,
,,,,,,,,,,,,,,,,
,,,,,,,,,,,,,,,,
,,,,,,,,,,,,,,,,
,,,,,,,,,,,,,,,,
,,,,,,,,,,,,,,,,
,,,,,,,,,,,,,,,,
,,,,,,,,,,,,,,,,
,,,,,,,,,,,,,,,,
,,,,,,,,,,,,,,,,
,,,,,,,,,,,,,,,,
,,,,,,,,,,,,,,,,
,,,,,,,,,,,,,,,,
,,,,,,,,,,,,,,,,
,,,,,,,,,,,,,,,,
,,,,,,,,,,,,,,,,
,,,,,,,,,,,,,,,,
,,,,,,,,,,,,,,,,
,,,,,,,,,,,,,,,,
,,,,,,,,,,,,,,,,
,,,,,,,,,,,,,,,,
,,,,,,,,,,,,,,,,
,,,,,,,,,,,,,,,,
,,,,,,,,,,,,,,,,
,,,,,,,,,,,,,,,,
,,,,,,,,,,,,,,,,
,,,,,,,,,,,,,,,,
,,,,,,,,,,,,,,,,
,,,,,,,,,,,,,,,,
,,,,,,,,,,,,,,,,
,,,,,,,,,,,,,,,,
,,,,,,,,,,,,,,,,
,,,,,,,,,,,,,,,,
,,,,,,,,,,,,,,,,
,,,,,,,,,,,,,,,,
,,,,,,,,,,,,,,,,
,,,,,,,,,,,,,,,,
,,,,,,,,,,,,,,,,
,,,,,,,,,,,,,,,,
,,,,,,,,,,,,,,,,
,,,,,,,,,,,,,,,,
,,,,,,,,,,,,,,,,
,,,,,,,,,,,,,,,,
,,,,,,,,,,,,,,,,
,,,,,,,,,,,,,,,,
,,,,,,,,,,,,,,,,
,,,,,,,,,,,,,,,,
,,,,,,,,,,,,,,,,
,,,,,,,,,,,,,,,,
,,,,,,,,,,,,,,,,
,,,,,,,,,,,,,,,,
,,,,,,,,,,,,,,,,
,,,,,,,,,,,,,,,,
,,,,,,,,,,,,,,,,
,,,,,,,,,,,,,,,,
,,,,,,,,,,,,,,,,
,,,,,,,,,,,,,,,,
,,,,,,,,,,,,,,,,
,,,,,,,,,,,,,,,,
,,,,,,,,,,,,,,,,
,,,,,,,,,,,,,,,,
,,,,,,,,,,,,,,,,
,,,,,,,,,,,,,,,,
,,,,,,,,,,,,,,,,
,,,,,,,,,,,,,,,,
,,,,,,,,,,,,,,,,
,,,,,,,,,,,,,,,,
,,,,,,,,,,,,,,,,
,,,,,,,,,,,,,,,,
,,,,,,,,,,,,,,,,
,,,,,,,,,,,,,,,,
,,,,,,,,,,,,,,,,
,,,,,,,,,,,,,,,,
,,,,,,,,,,,,,,,,
,,,,,,,,,,,,,,,,
,,,,,,,,,,,,,,,,
,,,,,,,,,,,,,,,,
,,,,,,,,,,,,,,,,
,,,,,,,,,,,,,,,,
,,,,,,,,,,,,,,,,
,,,,,,,,,,,,,,,,
,,,,,,,,,,,,,,,,
,,,,,,,,,,,,,,,,
,,,,,,,,,,,,,,,,
,,,,,,,,,,,,,,,,
,,,,,,,,,,,,,,,,
,,,,,,,,,,,,,,,,
,,,,,,,,,,,,,,,,
,,,,,,,,,,,,,,,,
,,,,,,,,,,,,,,,,
,,,,,,,,,,,,,,,,
,,,,,,,,,,,,,,,,
,,,,,,,,,,,,,,,,
,,,,,,,,,,,,,,,,
,,,,,,,,,,,,,,,,
,,,,,,,,,,,,,,,,
,,,,,,,,,,,,,,,,
,,,,,,,,,,,,,,,,
,,,,,,,,,,,,,,,,
,,,,,,,,,,,,,,,,
,,,,,,,,,,,,,,,,
,,,,,,,,,,,,,,,,
,,,,,,,,,,,,,,,,
,,,,,,,,,,,,,,,,
,,,,,,,,,,,,,,,,
,,,,,,,,,,,,,,,,
,,,,,,,,,,,,,,,,
,,,,,,,,,,,,,,,,
,,,,,,,,,,,,,,,,
,,,,,,,,,,,,,,,,
,,,,,,,,,,,,,,,,
,,,,,,,,,,,,,,,,
,,,,,,,,,,,,,,,,
,,,,,,,,,,,,,,,,
,,,,,,,,,,,,,,,,
,,,,,,,,,,,,,,,,
,,,,,,,,,,,,,,,,
,,,,,,,,,,,,,,,,
,,,,,,,,,,,,,,,,
,,,,,,,,,,,,,,,,
,,,,,,,,,,,,,,,,
,,,,,,,,,,,,,,,,
,,,,,,,,,,,,,,,,
,,,,,,,,,,,,,,,,
,,,,,,,,,,,,,,,,
,,,,,,,,,,,,,,,,
,,,,,,,,,,,,,,,,
,,,,,,,,,,,,,,,,
,,,,,,,,,,,,,,,,
,,,,,,,,,,,,,,,,
,,,,,,,,,,,,,,,,
,,,,,,,,,,,,,,,,
,,,,,,,,,,,,,,,,
,,,,,,,,,,,,,,,,
,,,,,,,,,,,,,,,,
,,,,,,,,,,,,,,,,
,,,,,,,,,,,,,,,,
,,,,,,,,,,,,,,,,
,,,,,,,,,,,,,,,,
,,,,,,,,,,,,,,,,
,,,,,,,,,,,,,,,,
,,,,,,,,,,,,,,,,
,,,,,,,,,,,,,,,,
,,,,,,,,,,,,,,,,
,,,,,,,,,,,,,,,,
,,,,,,,,,,,,,,,,
,,,,,,,,,,,,,,,,
,,,,,,,,,,,,,,,,
,,,,,,,,,,,,,,,,
,,,,,,,,,,,,,,,,
,,,,,,,,,,,,,,,,
,,,,,,,,,,,,,,,,
,,,,,,,,,,,,,,,,
,,,,,,,,,,,,,,,,
,,,,,,,,,,,,,,,,
,,,,,,,,,,,,,,,,
,,,,,,,,,,,,,,,,
,,,,,,,,,,,,,,,,
,,,,,,,,,,,,,,,,
,,,,,,,,,,,,,,,,
,,,,,,,,,,,,,,,,
,,,,,,,,,,,,,,,,
,,,,,,,,,,,,,,,,
,,,,,,,,,,,,,,,,
,,,,,,,,,,,,,,,,
,,,,,,,,,,,,,,,,
,,,,,,,,,,,,,,,,
,,,,,,,,,,,,,,,,
,,,,,,,,,,,,,,,,
,,,,,,,,,,,,,,,,
,,,,,,,,,,,,,,,,
,,,,,,,,,,,,,,,,
,,,,,,,,,,,,,,,,
,,,,,,,,,,,,,,,,
,,,,,,,,,,,,,,,,
,,,,,,,,,,,,,,,,
,,,,,,,,,,,,,,,,
,,,,,,,,,,,,,,,,
,,,,,,,,,,,,,,,,
,,,,,,,,,,,,,,,,
,,,,,,,,,,,,,,,,
,,,,,,,,,,,,,,,,
,,,,,,,,,,,,,,,,
,,,,,,,,,,,,,,,,
,,,,,,,,,,,,,,,,
,,,,,,,,,,,,,,,,
,,,,,,,,,,,,,,,,
,,,,,,,,,,,,,,,,
,,,,,,,,,,,,,,,,
,,,,,,,,,,,,,,,,
,,,,,,,,,,,,,,,,
,,,,,,,,,,,,,,,,
,,,,,,,,,,,,,,,,
,,,,,,,,,,,,,,,,
,,,,,,,,,,,,,,,,
,,,,,,,,,,,,,,,,
,,,,,,,,,,,,,,,,
,,,,,,,,,,,,,,,,
,,,,,,,,,,,,,,,,
,,,,,,,,,,,,,,,,
,,,,,,,,,,,,,,,,
,,,,,,,,,,,,,,,,
,,,,,,,,,,,,,,,,
,,,,,,,,,,,,,,,,
,,,,,,,,,,,,,,,,
,,,,,,,,,,,,,,,,
,,,,,,,,,,,,,,,,
,,,,,,,,,,,,,,,,
,,,,,,,,,,,,,,,,
,,,,,,,,,,,,,,,,
,,,,,,,,,,,,,,,,
,,,,,,,,,,,,,,,,
,,,,,,,,,,,,,,,,
,,,,,,,,,,,,,,,,
,,,,,,,,,,,,,,,,
,,,,,,,,,,,,,,,,
,,,,,,,,,,,,,,,,
,,,,,,,,,,,,,,,,
,,,,,,,,,,,,,,,,
,,,,,,,,,,,,,,,,
,,,,,,,,,,,,,,,,
,,,,,,,,,,,,,,,,
,,,,,,,,,,,,,,,,
,,,,,,,,,,,,,,,,
,,,,,,,,,,,,,,,,
,,,,,,,,,,,,,,,,
,,,,,,,,,,,,,,,,
,,,,,,,,,,,,,,,,
,,,,,,,,,,,,,,,,
,,,,,,,,,,,,,,,,
,,,,,,,,,,,,,,,,
,,,,,,,,,,,,,,,,
,,,,,,,,,,,,,,,,
,,,,,,,,,,,,,,,,
,,,,,,,,,,,,,,,,
,,,,,,,,,,,,,,,,
,,,,,,,,,,,,,,,,
,,,,,,,,,,,,,,,,
,,,,,,,,,,,,,,,,
,,,,,,,,,,,,,,,,
,,,,,,,,,,,,,,,,
,,,,,,,,,,,,,,,,
,,,,,,,,,,,,,,,,
,,,,,,,,,,,,,,,,
,,,,,,,,,,,,,,,,
,,,,,,,,,,,,,,,,
,,,,,,,,,,,,,,,,
,,,,,,,,,,,,,,,,
,,,,,,,,,,,,,,,,
,,,,,,,,,,,,,,,,
,,,,,,,,,,,,,,,,
,,,,,,,,,,,,,,,,
,,,,,,,,,,,,,,,,
,,,,,,,,,,,,,,,,
,,,,,,,,,,,,,,,,
,,,,,,,,,,,,,,,,
,,,,,,,,,,,,,,,,
,,,,,,,,,,,,,,,,
,,,,,,,,,,,,,,,,
,,,,,,,,,,,,,,,,
,,,,,,,,,,,,,,,,
,,,,,,,,,,,,,,,,
,,,,,,,,,,,,,,,,
,,,,,,,,,,,,,,,,
,,,,,,,,,,,,,,,,
,,,,,,,,,,,,,,,,
,,,,,,,,,,,,,,,,
,,,,,,,,,,,,,,,,
,,,,,,,,,,,,,,,,
,,,,,,,,,,,,,,,,
,,,,,,,,,,,,,,,,
,,,,,,,,,,,,,,,,
,,,,,,,,,,,,,,,,
,,,,,,,,,,,,,,,,
,,,,,,,,,,,,,,,,
,,,,,,,,,,,,,,,,
,,,,,,,,,,,,,,,,
,,,,,,,,,,,,,,,,
,,,,,,,,,,,,,,,,
,,,,,,,,,,,,,,,,
,,,,,,,,,,,,,,,,
,,,,,,,,,,,,,,,,
,,,,,,,,,,,,,,,,
,,,,,,,,,,,,,,,,
,,,,,,,,,,,,,,,,
,,,,,,,,,,,,,,,,
,,,,,,,,,,,,,,,,
,,,,,,,,,,,,,,,,
,,,,,,,,,,,,,,,,
,,,,,,,,,,,,,,,,
,,,,,,,,,,,,,,,,
,,,,,,,,,,,,,,,,
,,,,,,,,,,,,,,,,
,,,,,,,,,,,,,,,,
,,,,,,,,,,,,,,,,
,,,,,,,,,,,,,,,,
,,,,,,,,,,,,,,,,
,,,,,,,,,,,,,,,,
,,,,,,,,,,,,,,,,
,,,,,,,,,,,,,,,,
,,,,,,,,,,,,,,,,
,,,,,,,,,,,,,,,,
,,,,,,,,,,,,,,,,
,,,,,,,,,,,,,,,,
,,,,,,,,,,,,,,,,
,,,,,,,,,,,,,,,,
,,,,,,,,,,,,,,,,
,,,,,,,,,,,,,,,,
,,,,,,,,,,,,,,,,
,,,,,,,,,,,,,,,,
,,,,,,,,,,,,,,,,
,,,,,,,,,,,,,,,,
,,,,,,,,,,,,,,,,
,,,,,,,,,,,,,,,,
,,,,,,,,,,,,,,,,
,,,,,,,,,,,,,,,,
,,,,,,,,,,,,,,,,
,,,,,,,,,,,,,,,,
,,,,,,,,,,,,,,,,
,,,,,,,,,,,,,,,,
,,,,,,,,,,,,,,,,
,,,,,,,,,,,,,,,,
,,,,,,,,,,,,,,,,
,,,,,,,,,,,,,,,,
,,,,,,,,,,,,,,,,
,,,,,,,,,,,,,,,,
,,,,,,,,,,,,,,,,
,,,,,,,,,,,,,,,,
,,,,,,,,,,,,,,,,
,,,,,,,,,,,,,,,,
,,,,,,,,,,,,,,,,
,,,,,,,,,,,,,,,,
,,,,,,,,,,,,,,,,
,,,,,,,,,,,,,,,,
,,,,,,,,,,,,,,,,
,,,,,,,,,,,,,,,,
,,,,,,,,,,,,,,,,
,,,,,,,,,,,,,,,,
,,,,,,,,,,,,,,,,
,,,,,,,,,,,,,,,,
,,,,,,,,,,,,,,,,
,,,,,,,,,,,,,,,,
,,,,,,,,,,,,,,,,
,,,,,,,,,,,,,,,,
,,,,,,,,,,,,,,,,
,,,,,,,,,,,,,,,,
,,,,,,,,,,,,,,,,
,,,,,,,,,,,,,,,,
,,,,,,,,,,,,,,,,
,,,,,,,,,,,,,,,,
,,,,,,,,,,,,,,,,
,,,,,,,,,,,,,,,,
,,,,,,,,,,,,,,,,
,,,,,,,,,,,,,,,,
,,,,,,,,,,,,,,,,
,,,,,,,,,,,,,,,,
,,,,,,,,,,,,,,,,
,,,,,,,,,,,,,,,,
,,,,,,,,,,,,,,,,
,,,,,,,,,,,,,,,,
,,,,,,,,,,,,,,,,
,,,,,,,,,,,,,,,,
,,,,,,,,,,,,,,,,
,,,,,,,,,,,,,,,,
,,,,,,,,,,,,,,,,
,,,,,,,,,,,,,,,,
,,,,,,,,,,,,,,,,
,,,,,,,,,,,,,,,,
,,,,,,,,,,,,,,,,
,,,,,,,,,,,,,,,,
,,,,,,,,,,,,,,,,
,,,,,,,,,,,,,,,,
,,,,,,,,,,,,,,,,
,,,,,,,,,,,,,,,,
,,,,,,,,,,,,,,,,
,,,,,,,,,,,,,,,,
,,,,,,,,,,,,,,,,
,,,,,,,,,,,,,,,,
,,,,,,,,,,,,,,,,
,,,,,,,,,,,,,,,,
,,,,,,,,,,,,,,,,
,,,,,,,,,,,,,,,,
,,,,,,,,,,,,,,,,
,,,,,,,,,,,,,,,,
,,,,,,,,,,,,,,,,
,,,,,,,,,,,,,,,,
,,,,,,,,,,,,,,,,
,,,,,,,,,,,,,,,,
,,,,,,,,,,,,,,,,
,,,,,,,,,,,,,,,,
,,,,,,,,,,,,,,,,
,,,,,,,,,,,,,,,,
,,,,,,,,,,,,,,,,
,,,,,,,,,,,,,,,,
,,,,,,,,,,,,,,,,
,,,,,,,,,,,,,,,,
,,,,,,,,,,,,,,,,
,,,,,,,,,,,,,,,,
,,,,,,,,,,,,,,,,
,,,,,,,,,,,,,,,,
,,,,,,,,,,,,,,,,
,,,,,,,,,,,,,,,,
,,,,,,,,,,,,,,,,
,,,,,,,,,,,,,,,,
,,,,,,,,,,,,,,,,
,,,,,,,,,,,,,,,,
,,,,,,,,,,,,,,,,
,,,,,,,,,,,,,,,,
,,,,,,,,,,,,,,,,
,,,,,,,,,,,,,,,,
,,,,,,,,,,,,,,,,
,,,,,,,,,,,,,,,,
,,,,,,,,,,,,,,,,
,,,,,,,,,,,,,,,,
,,,,,,,,,,,,,,,,
,,,,,,,,,,,,,,,,
,,,,,,,,,,,,,,,,
,,,,,,,,,,,,,,,,
,,,,,,,,,,,,,,,,
,,,,,,,,,,,,,,,,
,,,,,,,,,,,,,,,,
,,,,,,,,,,,,,,,,
,,,,,,,,,,,,,,,,
,,,,,,,,,,,,,,,,
,,,,,,,,,,,,,,,,
,,,,,,,,,,,,,,,,
,,,,,,,,,,,,,,,,
,,,,,,,,,,,,,,,,
,,,,,,,,,,,,,,,,
,,,,,,,,,,,,,,,,
,,,,,,,,,,,,,,,,
,,,,,,,,,,,,,,,,
,,,,,,,,,,,,,,,,
,,,,,,,,,,,,,,,,
,,,,,,,,,,,,,,,,
,,,,,,,,,,,,,,,,
,,,,,,,,,,,,,,,,
,,,,,,,,,,,,,,,,
,,,,,,,,,,,,,,,,
,,,,,,,,,,,,,,,,
,,,,,,,,,,,,,,,,
,,,,,,,,,,,,,,,,
,,,,,,,,,,,,,,,,
,,,,,,,,,,,,,,,,
,,,,,,,,,,,,,,,,
,,,,,,,,,,,,,,,,
,,,,,,,,,,,,,,,,
,,,,,,,,,,,,,,,,
,,,,,,,,,,,,,,,,
,,,,,,,,,,,,,,,,
,,,,,,,,,,,,,,,,
,,,,,,,,,,,,,,,,
,,,,,,,,,,,,,,,,
,,,,,,,,,,,,,,,,
,,,,,,,,,,,,,,,,
,,,,,,,,,,,,,,,,
,,,,,,,,,,,,,,,,
,,,,,,,,,,,,,,,,
,,,,,,,,,,,,,,,,
,,,,,,,,,,,,,,,,
,,,,,,,,,,,,,,,,
,,,,,,,,,,,,,,,,
,,,,,,,,,,,,,,,,
,,,,,,,,,,,,,,,,
,,,,,,,,,,,,,,,,
,,,,,,,,,,,,,,,,
,,,,,,,,,,,,,,,,
,,,,,,,,,,,,,,,,
,,,,,,,,,,,,,,,,
,,,,,,,,,,,,,,,,
,,,,,,,,,,,,,,,,
,,,,,,,,,,,,,,,,
